BC1,BC2,BC3,BC4,BC5,BC6,BC7,BC8,BC9,BC10,BC11,BC12,Replicate
T,C,C,C,C,C,C,T,C,T,C,T,Rep1
C,C,C,T,C,T,T,T,T,T,T,T,Rep1
C,C,C,C,C,C,T,T,T,T,T,T,Rep1
T,C,T,T,C,T,T,C,T,T,C,T,Rep1
T,T,T,T,T,T,T,C,T,C,T,T,Rep1
C,C,T,T,C,T,T,T,T,T,C,T,Rep1
C,T,T,C,T,T,T,T,T,T,T,T,Rep1
C,T,T,T,T,T,C,T,T,T,T,T,Rep1
T,T,T,T,C,C,T,T,T,T,T,T,Rep1
T,C,T,T,T,T,T,T,T,T,T,T,Rep1
C,C,C,T,T,C,C,C,T,T,T,T,Rep1
C,C,C,T,T,T,T,T,T,T,T,T,Rep1
T,T,T,T,T,T,T,C,T,T,T,T,Rep1
T,T,T,T,T,T,T,T,T,T,C,T,Rep1
T,T,T,T,C,T,C,T,T,T,T,T,Rep1
C,C,C,C,C,C,C,T,T,T,T,T,Rep1
C,T,T,T,T,T,T,T,T,T,T,T,Rep1
T,T,T,T,T,T,C,T,T,C,T,T,Rep1
C,C,T,T,T,T,T,T,T,T,T,T,Rep1
T,C,C,C,C,C,C,C,C,T,T,T,Rep1
C,T,T,T,T,T,T,T,T,T,T,T,Rep1
C,C,C,C,T,C,C,T,T,C,C,C,Rep1
C,C,T,T,C,C,T,C,T,T,T,C,Rep1
C,C,C,T,C,C,C,C,C,C,C,C,Rep1
C,C,C,T,C,C,C,C,C,T,T,T,Rep1
T,C,C,C,C,T,T,T,T,T,C,T,Rep1
T,T,T,T,C,T,T,T,T,T,T,T,Rep1
T,T,C,T,T,T,T,T,T,T,T,T,Rep1
C,C,C,T,C,C,T,T,T,C,T,T,Rep1
T,T,T,T,C,T,T,T,T,T,T,T,Rep1
T,T,C,T,T,T,T,T,T,T,T,T,Rep1
T,C,T,T,T,C,T,C,T,T,T,T,Rep1
T,T,C,T,T,T,T,T,C,T,T,T,Rep1
T,T,C,T,C,T,T,C,T,T,T,T,Rep1
C,T,T,T,T,T,T,T,T,T,T,C,Rep1
C,C,C,C,C,C,C,C,C,C,C,C,Rep1
T,T,C,T,T,T,T,C,T,T,T,T,Rep1
C,C,C,C,C,C,C,T,T,C,C,T,Rep1
T,C,T,T,T,T,T,T,T,T,T,T,Rep1
T,T,C,T,T,T,T,T,C,C,C,T,Rep1
C,T,T,T,T,C,C,T,T,T,T,T,Rep1
T,C,C,T,T,T,T,T,T,T,T,T,Rep1
C,C,C,C,C,C,C,C,C,C,C,T,Rep1
T,T,T,T,T,C,T,T,T,C,C,T,Rep1
C,C,T,T,C,C,C,C,C,C,T,T,Rep1
C,T,T,T,T,T,T,T,T,T,T,T,Rep1
T,T,T,T,C,C,C,C,T,C,C,T,Rep1
C,C,C,T,T,C,T,T,T,T,T,T,Rep1
T,T,T,T,C,T,T,T,T,T,T,T,Rep1
T,C,C,T,T,T,T,T,T,T,T,T,Rep1
T,T,T,T,C,T,T,T,T,T,T,T,Rep1
C,C,T,C,T,T,T,T,T,T,T,T,Rep1
T,C,T,C,C,C,C,T,C,C,C,T,Rep1
C,C,C,C,T,C,C,T,C,C,T,T,Rep1
T,C,T,C,T,T,T,T,T,T,T,T,Rep1
C,C,C,C,C,C,T,T,T,T,T,T,Rep1
T,T,C,T,T,T,T,T,T,T,T,T,Rep1
C,C,C,C,C,C,C,C,C,T,T,C,Rep1
C,C,C,T,C,C,T,T,T,T,C,T,Rep1
T,C,C,C,T,T,T,T,T,T,T,T,Rep1
T,T,T,T,T,C,T,T,T,T,T,T,Rep1
C,T,C,C,C,T,T,T,T,T,T,T,Rep1
C,C,C,C,C,T,T,T,T,T,T,T,Rep1
T,T,T,T,T,T,T,T,T,C,T,T,Rep1
C,C,T,T,T,T,T,T,C,C,T,C,Rep1
T,T,T,T,T,T,T,T,C,T,T,T,Rep1
T,T,T,T,T,T,T,T,T,T,C,T,Rep1
T,T,T,T,T,T,T,T,C,T,T,T,Rep1
T,T,T,T,C,T,T,T,T,T,C,T,Rep1
T,T,T,C,T,T,T,T,T,C,C,T,Rep1
T,C,T,T,T,T,T,T,T,T,C,C,Rep1
T,T,T,T,C,C,T,T,T,T,T,C,Rep1
C,T,T,T,T,C,T,T,T,T,C,T,Rep1
T,T,T,T,T,T,T,T,T,T,T,C,Rep1
T,T,C,T,T,C,T,T,T,T,C,C,Rep1
T,C,C,T,C,C,T,C,C,T,T,T,Rep1
T,C,T,T,C,C,C,C,C,C,C,C,Rep1
T,T,T,T,T,C,T,T,T,T,T,T,Rep1
T,T,T,C,T,T,T,T,T,T,T,T,Rep1
T,C,C,C,C,C,C,C,T,C,C,T,Rep1
T,T,C,C,T,T,T,T,C,T,T,T,Rep1
C,C,T,T,T,T,T,T,T,C,T,C,Rep1
C,C,C,C,C,C,T,T,T,C,T,T,Rep1
C,T,T,C,C,C,T,C,T,C,C,C,Rep1
T,T,T,T,C,C,C,T,C,C,T,C,Rep1
C,C,C,C,C,C,C,C,C,C,C,C,Rep1
C,C,C,C,C,C,C,C,C,T,T,T,Rep1
T,T,C,C,T,T,T,T,T,T,T,C,Rep1
T,C,C,T,C,T,T,C,T,T,T,T,Rep1
T,C,T,T,T,T,T,T,T,T,T,T,Rep1
C,C,C,C,C,C,C,T,T,T,T,T,Rep1
T,C,T,T,T,T,T,C,T,T,T,T,Rep1
T,T,T,T,T,T,T,C,T,C,C,C,Rep1
T,T,T,T,T,C,T,T,T,T,T,T,Rep1
T,T,C,C,T,T,T,C,T,T,T,T,Rep1
T,C,T,T,T,T,T,T,T,C,T,T,Rep1
C,C,T,T,T,T,T,T,T,T,T,T,Rep1
C,T,C,T,T,T,T,T,T,T,T,C,Rep1
T,T,T,C,T,T,T,T,T,T,T,T,Rep1
C,C,C,C,T,C,T,C,T,C,T,T,Rep1
T,C,T,T,T,T,T,T,T,T,T,T,Rep1
T,C,T,T,T,T,T,T,T,T,T,T,Rep1
T,T,T,C,C,C,C,C,C,C,C,T,Rep1
T,T,C,T,T,T,T,T,T,T,T,T,Rep1
T,T,C,T,T,C,T,T,T,T,T,T,Rep1
T,C,T,T,C,C,C,T,C,C,T,T,Rep1
T,C,T,T,T,T,T,T,T,T,T,T,Rep1
T,C,C,T,T,T,T,T,T,T,T,T,Rep1
T,C,T,T,T,T,T,T,T,T,T,T,Rep1
T,C,C,T,C,C,T,C,T,T,T,T,Rep1
T,T,T,T,T,T,T,C,T,C,T,T,Rep1
T,T,T,C,T,C,T,T,T,T,T,T,Rep1
C,C,C,T,C,C,T,T,T,T,T,T,Rep1
C,C,C,C,C,C,T,T,T,T,C,T,Rep1
C,C,C,C,C,C,C,C,C,C,C,C,Rep1
T,C,T,T,T,C,T,T,T,T,T,T,Rep1
T,T,C,C,C,C,C,C,C,C,C,T,Rep1
T,T,T,T,T,T,C,T,T,T,T,T,Rep1
T,C,C,T,T,T,C,T,T,T,T,T,Rep1
C,C,C,C,C,C,C,C,C,C,C,C,Rep1
T,T,C,T,T,T,T,T,T,T,T,T,Rep1
T,T,C,T,T,T,T,T,T,C,C,T,Rep1
T,T,T,T,T,T,T,C,T,T,T,T,Rep1
T,T,T,T,T,T,T,T,C,T,T,T,Rep1
C,C,C,C,C,C,C,C,T,C,T,T,Rep1
T,T,T,T,C,C,T,T,T,T,T,T,Rep1
C,C,C,C,C,C,C,T,T,T,T,T,Rep1
T,T,T,C,C,C,T,T,T,T,T,T,Rep1
T,T,T,T,T,T,T,T,T,C,T,T,Rep1
C,T,T,T,T,T,T,T,T,T,T,T,Rep1
C,C,C,C,T,T,T,C,T,T,T,T,Rep1
T,C,C,T,C,T,T,T,T,T,T,T,Rep1
C,C,C,C,C,C,C,C,C,C,C,T,Rep1
T,C,C,C,T,T,C,T,T,C,C,C,Rep1
C,C,T,T,T,T,T,T,T,T,T,T,Rep1
T,C,T,T,T,T,T,C,T,C,T,T,Rep1
T,T,T,T,T,C,T,T,T,T,T,T,Rep1
C,T,T,T,T,T,T,T,T,C,C,T,Rep1
C,T,T,T,T,C,C,C,T,T,T,T,Rep1
T,C,C,T,T,T,T,T,T,T,T,T,Rep1
T,T,C,T,T,C,T,T,T,C,T,T,Rep1
C,C,T,T,C,T,T,T,T,T,T,T,Rep1
T,C,T,T,T,T,T,T,T,T,T,T,Rep1
C,C,C,C,C,T,T,T,T,C,C,T,Rep1
C,C,C,C,C,C,C,C,C,C,T,T,Rep1
C,C,T,C,T,T,T,T,T,T,C,T,Rep1
C,C,C,T,C,T,T,T,C,C,C,T,Rep1
T,T,T,C,C,T,T,T,T,T,T,T,Rep1
C,C,C,C,C,C,T,C,C,C,C,C,Rep1
T,C,C,T,T,C,T,T,T,T,T,T,Rep1
T,T,T,T,C,C,C,T,T,T,C,T,Rep1
C,C,C,C,T,C,T,C,T,C,C,C,Rep1
T,T,T,T,C,C,T,T,T,T,T,T,Rep1
C,C,C,C,C,C,T,C,C,C,T,T,Rep1
T,T,T,C,T,C,T,T,T,T,T,T,Rep1
T,C,T,T,T,T,C,T,T,T,T,T,Rep1
T,C,T,T,T,T,T,T,T,T,T,T,Rep1
C,T,T,T,T,T,T,T,T,T,T,T,Rep1
T,T,C,T,T,T,T,C,T,C,T,T,Rep1
C,C,T,T,T,T,T,T,T,T,T,T,Rep1
T,T,C,T,T,T,T,T,T,T,T,T,Rep1
C,C,C,C,C,C,C,T,C,T,C,T,Rep1
T,C,T,T,C,T,T,T,T,T,T,T,Rep1
T,C,T,T,T,T,T,C,T,C,T,C,Rep1
C,C,T,T,T,T,T,T,T,T,T,T,Rep1
C,C,C,T,T,T,T,T,T,T,T,T,Rep1
C,C,C,T,T,T,C,C,T,T,T,C,Rep1
T,C,T,T,T,T,C,T,T,T,T,T,Rep1
T,T,T,T,T,T,T,T,T,T,T,C,Rep1
T,C,C,T,T,C,T,C,C,C,C,C,Rep1
T,T,T,T,T,T,T,T,T,C,T,T,Rep1
T,C,T,T,C,C,T,T,T,T,T,T,Rep1
C,T,C,C,C,C,T,T,T,C,T,C,Rep1
T,C,T,T,T,T,T,T,T,T,C,C,Rep1
T,T,T,T,T,T,T,T,T,T,T,C,Rep1
C,T,T,T,T,T,T,T,T,T,T,T,Rep1
T,T,C,T,T,T,T,C,T,T,T,T,Rep1
T,T,T,T,C,T,C,C,T,C,C,T,Rep1
T,T,C,T,T,C,T,T,T,T,T,T,Rep1
C,T,C,C,C,C,C,C,C,C,C,T,Rep1
T,T,T,T,T,T,T,C,T,T,T,T,Rep1
C,C,C,C,C,C,C,C,C,C,C,C,Rep1
C,C,C,T,T,T,T,T,T,T,T,T,Rep1
C,C,C,C,T,T,T,T,T,T,T,T,Rep1
T,T,C,T,T,T,T,T,T,T,T,T,Rep1
T,C,T,T,T,T,T,T,T,T,T,T,Rep1
T,T,T,T,T,T,T,C,T,T,T,T,Rep1
C,T,T,T,C,T,T,T,T,T,T,T,Rep1
T,C,C,T,C,C,T,T,T,T,T,T,Rep1
T,T,C,C,C,C,C,T,C,C,T,T,Rep1
C,C,C,C,C,C,C,C,T,C,T,T,Rep1
T,T,T,T,T,T,C,C,C,C,T,C,Rep1
T,C,T,T,T,T,T,T,T,T,T,T,Rep1
C,C,C,C,C,C,C,C,C,C,C,C,Rep1
T,C,C,T,T,T,T,T,T,T,T,T,Rep1
C,C,T,T,T,T,T,C,C,C,T,T,Rep1
C,C,C,T,T,T,T,T,T,T,T,T,Rep1
T,T,T,T,C,T,T,T,T,T,T,T,Rep1
T,T,T,T,T,T,C,C,T,C,T,T,Rep1
T,T,C,T,T,C,T,T,T,T,T,T,Rep1
T,T,T,T,T,T,C,T,T,T,T,T,Rep1
C,T,T,T,C,T,T,C,T,T,T,T,Rep1
T,C,T,C,T,C,C,C,T,T,T,T,Rep1
C,C,C,T,C,C,C,C,C,C,C,C,Rep1
T,T,T,T,T,T,T,T,C,T,T,T,Rep1
T,T,C,T,T,T,T,T,C,T,T,T,Rep1
T,T,T,T,T,T,T,C,T,T,T,T,Rep1
C,C,T,T,T,T,T,T,T,T,T,T,Rep1
T,C,C,T,T,T,T,T,T,T,C,C,Rep1
T,C,T,T,T,C,T,C,T,C,C,C,Rep1
C,C,C,C,T,T,T,T,T,T,C,T,Rep1
C,C,C,C,C,C,C,C,C,C,C,C,Rep1
T,T,T,T,T,C,T,T,T,T,T,T,Rep1
T,T,T,T,T,C,C,T,T,C,C,C,Rep1
C,C,C,T,T,T,C,C,C,C,C,C,Rep1
T,T,C,T,C,C,C,C,C,C,C,T,Rep1
C,C,C,T,T,T,T,C,T,T,T,T,Rep1
C,T,T,C,C,T,T,T,T,C,C,T,Rep1
T,C,C,T,T,C,T,T,T,C,C,C,Rep1
T,C,C,T,T,T,T,T,C,T,C,C,Rep1
T,T,T,T,T,C,T,T,T,T,T,T,Rep1
C,C,C,C,C,C,C,C,C,C,T,T,Rep1
T,C,C,T,T,T,T,T,T,T,T,T,Rep1
C,C,C,T,T,T,T,T,C,T,T,T,Rep1
T,T,C,T,T,T,T,T,T,C,C,T,Rep1
T,T,C,C,C,C,T,C,C,C,C,T,Rep1
C,C,C,C,C,C,C,C,C,C,C,T,Rep1
T,T,C,T,C,T,T,T,T,T,T,T,Rep1
T,T,T,T,T,T,T,T,T,C,T,T,Rep1
T,T,C,T,T,T,T,T,T,T,C,T,Rep1
C,T,T,T,T,T,T,T,T,T,T,T,Rep1
T,T,T,T,T,C,T,T,T,T,T,T,Rep1
T,C,C,C,T,C,C,C,C,T,T,T,Rep1
T,T,T,T,T,C,T,T,T,T,T,C,Rep1
C,T,T,T,T,T,T,T,T,T,T,T,Rep1
C,C,C,C,C,C,C,C,C,C,C,C,Rep1
C,C,T,T,C,C,T,T,C,T,T,C,Rep1
T,T,T,C,T,T,C,T,T,T,T,C,Rep1
T,T,T,T,T,T,T,T,T,C,T,T,Rep1
C,C,T,T,C,T,T,T,C,T,T,T,Rep1
C,C,T,T,T,T,C,C,T,T,T,T,Rep1
T,T,T,T,C,T,T,T,T,C,T,T,Rep1
C,T,C,T,C,C,T,T,T,T,T,T,Rep1
T,T,C,C,T,C,T,T,C,C,T,C,Rep1
T,T,C,C,C,C,C,T,T,T,T,T,Rep1
T,T,T,T,T,T,C,T,T,T,T,T,Rep1
T,T,T,T,T,T,T,C,C,C,T,T,Rep1
T,T,C,T,T,C,T,T,T,T,T,T,Rep1
C,C,C,C,C,C,C,C,C,C,C,T,Rep1
C,C,C,C,T,T,C,T,T,T,C,C,Rep1
C,T,C,T,T,T,T,T,T,T,T,T,Rep1
C,T,C,T,T,T,T,T,T,T,T,T,Rep1
T,T,T,T,C,T,T,T,T,T,T,T,Rep1
T,T,C,C,C,T,T,T,T,T,T,T,Rep1
C,C,T,C,C,T,T,C,C,T,T,T,Rep1
C,C,C,C,C,C,C,C,C,C,C,T,Rep1
T,T,T,T,T,T,T,T,C,C,C,T,Rep1
T,T,T,T,T,C,C,C,T,C,T,C,Rep1
C,C,C,T,C,C,T,C,T,T,T,T,Rep1
C,T,T,T,T,T,T,T,T,T,T,T,Rep1
T,T,T,T,T,T,T,T,T,C,T,T,Rep1
T,C,C,T,C,C,C,T,T,T,T,T,Rep1
T,T,T,T,T,T,T,C,T,T,T,T,Rep1
T,T,C,T,C,T,T,T,T,T,C,T,Rep1
T,T,T,C,T,T,T,T,T,T,T,T,Rep1
C,C,T,T,T,T,T,T,T,T,C,T,Rep1
C,C,C,T,C,T,T,C,T,T,T,T,Rep1
C,T,T,T,T,T,T,T,T,T,T,T,Rep1
T,T,T,T,C,T,T,T,T,T,T,T,Rep1
T,T,T,T,T,T,T,C,T,T,T,T,Rep1
C,C,C,C,C,C,C,C,C,C,C,T,Rep1
C,C,C,T,T,T,T,T,T,T,T,C,Rep1
C,C,C,C,C,C,C,C,C,C,C,C,Rep1
C,T,T,T,T,T,C,T,T,T,T,T,Rep1
T,C,T,T,T,C,T,T,T,T,T,T,Rep1
T,T,T,C,C,C,C,C,T,T,T,T,Rep1
C,C,C,C,C,C,C,C,C,T,T,T,Rep1
T,C,T,T,T,T,T,T,T,T,T,T,Rep1
T,T,C,T,C,T,T,T,C,T,T,T,Rep1
C,C,T,T,T,C,T,T,T,T,T,T,Rep1
T,C,T,T,T,T,T,T,T,T,T,T,Rep1
C,C,C,C,C,C,C,C,C,C,C,T,Rep1
T,C,C,C,C,C,C,C,T,C,C,C,Rep1
T,T,T,T,T,T,T,T,T,T,C,C,Rep1
T,C,C,T,T,T,T,T,T,T,T,T,Rep1
T,T,C,T,T,C,T,T,T,T,T,T,Rep1
C,C,C,C,C,C,C,T,C,T,T,T,Rep1
T,T,T,T,C,T,T,T,T,T,T,T,Rep1
C,C,C,T,C,T,T,C,T,T,C,T,Rep1
T,C,T,C,T,C,C,T,T,C,T,C,Rep1
T,T,T,T,T,T,T,T,C,T,C,C,Rep1
T,C,T,T,T,T,T,C,T,T,T,T,Rep1
T,C,T,T,T,T,T,T,T,C,T,T,Rep1
T,T,T,T,C,T,T,T,T,T,T,T,Rep1
T,C,T,C,T,T,T,T,T,C,T,T,Rep1
T,T,T,T,T,C,T,T,T,T,T,T,Rep1
C,C,T,T,T,C,C,T,T,T,T,T,Rep1
T,T,T,T,T,C,T,T,T,T,T,T,Rep1
T,C,C,T,C,T,T,C,T,T,T,T,Rep1
T,T,C,T,T,T,T,T,T,C,T,C,Rep1
C,C,C,C,C,C,T,C,C,C,C,C,Rep1
C,C,C,C,C,C,C,C,C,C,C,C,Rep1
T,C,C,T,T,C,T,T,T,T,T,T,Rep1
T,T,T,T,T,T,C,T,T,T,T,T,Rep1
T,T,T,T,T,T,T,T,T,T,C,T,Rep1
C,C,T,T,T,T,T,T,T,T,T,T,Rep1
C,T,T,T,T,T,T,T,T,T,T,T,Rep1
C,C,C,T,T,C,C,C,C,T,T,T,Rep1
T,T,T,T,T,T,C,T,T,T,T,T,Rep1
C,C,C,C,T,C,T,T,T,C,T,C,Rep1
T,T,T,T,T,C,T,C,C,C,C,T,Rep1
C,T,T,T,T,T,T,T,T,T,T,T,Rep1
C,C,C,C,C,T,T,T,T,T,T,T,Rep1
T,T,T,T,T,T,T,C,T,T,T,T,Rep1
T,T,T,T,T,T,T,C,T,C,T,T,Rep1
C,C,T,C,C,C,C,T,T,T,T,T,Rep1
C,C,C,C,T,C,C,C,C,C,C,C,Rep1
T,T,T,C,T,T,T,C,C,C,T,T,Rep1
T,T,T,C,T,T,T,T,T,T,T,T,Rep1
C,C,T,T,C,C,C,C,T,T,C,C,Rep1
T,T,C,T,C,T,C,C,T,C,C,C,Rep1
T,T,T,T,T,C,T,T,T,T,T,T,Rep1
T,T,T,T,T,T,C,C,T,T,T,T,Rep1
C,C,C,C,C,C,C,C,C,C,C,T,Rep1
C,T,T,T,T,T,T,T,T,T,T,T,Rep1
T,T,T,T,C,T,T,T,T,T,T,T,Rep1
T,T,T,T,T,T,C,T,T,T,T,T,Rep1
T,C,C,T,T,T,T,T,T,T,T,T,Rep1
T,T,T,C,T,T,T,T,T,T,T,T,Rep1
C,T,T,T,T,T,T,T,T,T,T,T,Rep1
T,T,T,T,T,T,C,T,T,C,T,T,Rep1
T,T,C,C,C,C,C,C,C,C,C,C,Rep1
C,T,T,C,T,T,T,T,T,T,T,T,Rep1
T,T,T,T,C,T,T,T,T,T,T,T,Rep1
T,T,T,T,C,C,T,C,T,T,C,T,Rep1
C,T,T,T,T,T,T,T,T,T,C,T,Rep1
C,T,T,T,T,C,C,T,T,T,T,T,Rep1
T,C,C,T,T,C,C,C,C,T,C,C,Rep1
C,T,T,T,T,T,T,T,T,T,T,T,Rep1
C,T,T,C,T,C,T,T,T,T,T,T,Rep1
T,T,C,T,C,T,T,T,T,T,T,T,Rep1
C,T,C,T,C,C,C,T,C,C,C,T,Rep1
C,C,C,C,C,T,T,T,C,T,T,T,Rep1
C,C,C,C,T,C,T,C,C,T,T,C,Rep1
T,T,T,C,C,T,T,T,T,T,T,T,Rep1
C,C,T,T,T,T,C,T,T,T,T,T,Rep1
C,T,C,T,T,C,C,C,T,C,T,T,Rep1
C,C,C,T,T,C,C,C,T,T,T,T,Rep1
C,C,C,T,T,C,T,C,C,T,T,T,Rep1
T,T,T,T,T,T,C,C,T,T,T,T,Rep1
T,T,C,T,C,T,T,C,T,T,C,T,Rep1
C,C,C,T,T,C,C,C,T,T,T,T,Rep1
T,C,T,T,T,T,T,T,T,T,T,T,Rep1
T,T,T,T,T,T,T,T,T,T,C,C,Rep1
T,T,T,T,T,T,T,C,T,T,T,T,Rep1
T,C,T,T,T,T,T,T,T,T,T,T,Rep1
C,C,C,C,C,C,C,C,C,C,C,T,Rep1
T,T,T,C,C,T,T,T,T,C,C,C,Rep1
C,C,C,C,T,T,T,C,T,T,T,T,Rep1
C,T,T,C,T,T,C,T,T,T,T,T,Rep1
T,C,T,T,T,T,T,T,T,C,C,T,Rep1
C,C,C,T,C,C,C,C,C,C,C,T,Rep1
C,C,T,C,C,C,T,T,C,C,T,T,Rep1
T,T,C,T,T,T,T,T,T,T,T,T,Rep1
C,C,T,T,T,T,T,T,C,T,T,T,Rep1
T,T,T,T,T,C,T,T,T,T,T,T,Rep1
C,C,T,T,T,T,T,T,T,T,T,T,Rep1
T,T,C,T,T,C,C,C,C,C,C,C,Rep1
C,C,C,C,C,C,C,T,C,C,C,C,Rep1
C,T,C,T,T,T,C,T,T,C,C,T,Rep1
C,C,C,C,C,C,C,T,T,T,T,T,Rep1
C,C,C,C,T,T,T,T,T,T,T,T,Rep1
C,C,C,T,T,C,T,T,T,T,C,T,Rep1
C,T,T,T,T,T,T,C,T,T,T,T,Rep1
T,T,T,T,C,T,T,T,T,T,T,T,Rep1
C,C,C,C,C,C,C,C,C,C,C,T,Rep1
C,C,T,T,T,T,T,T,T,T,T,T,Rep1
T,T,T,T,T,T,T,T,T,T,T,C,Rep1
T,C,C,T,T,T,T,T,T,C,C,T,Rep1
C,C,C,T,T,T,T,T,T,T,T,T,Rep1
C,C,T,C,C,T,T,T,T,T,T,T,Rep1
C,T,T,T,T,T,T,T,T,T,T,T,Rep1
C,T,T,C,C,T,T,C,T,T,T,T,Rep1
C,C,C,C,C,C,C,C,C,C,T,C,Rep1
C,C,C,C,C,C,C,T,T,T,T,T,Rep1
C,C,T,C,T,C,T,T,C,C,T,T,Rep1
T,T,T,T,T,C,C,C,C,T,T,T,Rep1
T,T,T,C,C,T,C,T,T,C,C,T,Rep1
C,C,C,T,T,T,T,T,T,T,T,T,Rep1
C,T,T,T,T,T,T,T,T,T,T,T,Rep1
C,T,C,T,C,T,T,T,T,T,T,T,Rep1
T,C,C,T,T,T,T,T,C,T,T,T,Rep1
T,C,C,T,T,T,T,T,T,T,T,T,Rep1
T,C,C,T,T,T,T,T,T,T,T,T,Rep1
C,C,C,C,C,C,C,C,C,C,T,C,Rep1
C,C,C,T,T,C,T,T,C,C,C,T,Rep1
C,C,C,C,T,T,C,C,T,T,C,T,Rep1
T,T,C,C,T,T,T,T,T,T,T,T,Rep1
T,C,T,T,C,T,T,T,T,T,T,T,Rep1
T,T,C,T,T,T,T,T,T,T,T,T,Rep1
T,T,T,C,T,T,T,T,T,T,T,T,Rep1
C,C,T,T,T,T,T,T,T,T,T,T,Rep1
C,T,T,T,T,T,T,T,T,T,T,T,Rep1
T,T,T,T,T,T,T,T,T,T,C,T,Rep1
C,C,C,C,C,C,C,T,C,T,T,C,Rep1
T,T,T,T,T,T,T,T,C,T,T,T,Rep1
T,C,T,T,T,T,T,T,C,T,T,T,Rep1
C,C,T,T,C,T,T,T,T,T,T,T,Rep1
T,C,T,T,T,T,T,T,T,T,T,T,Rep1
T,T,C,T,C,T,T,T,T,T,C,T,Rep1
T,T,C,T,T,T,T,T,T,T,T,C,Rep1
C,C,C,C,C,C,T,T,T,T,T,T,Rep1
C,T,T,T,T,T,T,T,C,T,T,T,Rep1
C,C,T,C,C,C,T,T,T,C,C,C,Rep1
C,C,C,T,T,T,T,T,T,T,T,T,Rep1
C,T,T,T,T,C,T,T,T,T,T,T,Rep1
C,T,C,T,T,C,T,T,T,T,T,T,Rep1
T,C,C,C,T,T,T,C,T,T,T,T,Rep1
C,T,T,T,C,C,T,T,T,T,C,T,Rep1
C,C,C,T,T,T,T,T,T,T,T,T,Rep1
T,T,T,T,T,C,T,T,T,T,T,T,Rep1
C,C,C,C,C,C,C,C,C,T,T,T,Rep1
C,C,T,T,T,T,T,T,T,T,T,T,Rep1
C,T,T,T,C,T,T,T,T,T,T,T,Rep1
C,C,C,C,C,C,C,C,C,C,C,C,Rep1
T,T,C,T,T,C,T,T,T,T,T,T,Rep1
T,T,T,T,T,T,C,T,T,T,T,C,Rep1
T,T,C,T,T,T,T,T,T,T,T,T,Rep1
T,C,T,T,T,C,T,T,T,T,T,T,Rep1
T,T,T,T,T,C,T,T,T,T,T,T,Rep1
T,T,T,T,T,T,T,T,T,T,C,C,Rep1
T,C,T,T,T,T,T,T,T,C,T,T,Rep1
C,C,T,T,T,T,T,T,T,T,T,T,Rep1
C,T,T,T,T,T,C,T,T,T,T,T,Rep1
T,T,C,C,T,C,C,C,T,T,C,T,Rep1
T,C,C,T,T,T,T,T,C,T,T,T,Rep1
C,C,C,C,C,C,C,T,C,C,C,T,Rep1
C,C,C,T,C,C,C,T,C,C,T,C,Rep1
C,C,C,C,C,C,C,C,C,C,C,C,Rep1
T,C,T,T,T,T,T,T,T,T,T,T,Rep1
T,T,T,T,T,T,T,T,T,C,T,T,Rep1
T,C,C,T,C,T,T,C,T,T,T,T,Rep1
T,C,C,C,T,C,T,T,T,T,T,T,Rep1
C,C,T,C,T,T,C,C,T,C,C,T,Rep1
C,T,T,T,T,T,T,T,T,T,T,T,Rep1
C,T,T,T,T,T,T,T,T,T,T,T,Rep1
T,C,C,T,T,T,T,T,T,C,T,C,Rep1
T,T,T,T,T,T,T,T,T,T,T,C,Rep1
C,C,T,T,T,T,T,T,T,T,T,C,Rep1
T,T,T,T,T,T,C,C,T,T,T,T,Rep1
T,T,T,T,T,T,C,T,T,T,T,T,Rep1
T,C,T,T,C,T,T,T,T,C,T,T,Rep1
T,T,C,T,T,T,T,T,T,T,T,T,Rep1
T,T,T,T,T,T,T,T,T,C,T,T,Rep1
T,T,T,T,T,T,T,C,T,T,T,T,Rep1
C,C,C,C,T,C,T,T,T,T,T,T,Rep1
T,C,C,C,T,C,T,T,T,C,C,T,Rep1
C,T,C,C,T,T,T,T,T,T,T,T,Rep1
C,C,C,T,T,C,T,C,T,C,C,T,Rep1
C,T,C,T,C,T,T,T,T,T,T,T,Rep1
C,C,C,T,C,C,C,C,C,C,C,C,Rep1
T,C,T,T,C,T,T,T,T,T,T,T,Rep1
C,C,C,T,C,C,C,T,T,T,T,C,Rep1
C,C,C,T,T,T,T,T,T,T,T,T,Rep1
T,T,C,C,T,T,T,T,T,T,T,T,Rep1
T,C,T,T,C,T,T,T,T,T,T,T,Rep1
T,T,C,T,T,T,T,T,T,T,T,T,Rep1
T,T,C,T,T,T,T,T,T,T,T,T,Rep1
C,C,T,T,T,T,C,T,T,T,T,T,Rep1
T,T,T,C,T,T,T,T,T,T,T,T,Rep1
T,C,T,C,T,T,T,C,C,C,C,T,Rep1
T,C,T,T,T,C,T,T,T,T,T,T,Rep1
T,C,C,T,T,T,T,T,T,T,T,T,Rep2
C,C,C,C,C,C,C,C,T,C,C,C,Rep2
C,C,C,C,C,T,T,C,T,C,T,C,Rep2
T,T,T,T,T,T,T,T,T,T,C,T,Rep2
T,C,T,C,C,C,T,T,T,T,T,T,Rep2
T,C,T,T,T,T,T,T,T,T,T,T,Rep2
C,C,C,T,T,C,T,C,C,C,T,C,Rep2
T,T,T,C,T,T,T,T,T,T,T,T,Rep2
C,T,T,T,T,T,T,T,T,T,T,T,Rep2
C,T,T,T,T,T,T,T,T,T,T,T,Rep2
C,C,C,C,C,T,C,T,T,C,C,C,Rep2
C,T,T,C,T,C,C,T,T,T,C,C,Rep2
C,C,C,C,C,C,T,T,T,C,T,T,Rep2
T,C,C,T,C,T,T,T,T,T,T,T,Rep2
T,T,T,T,T,T,T,T,T,T,C,T,Rep2
T,C,C,C,C,T,T,T,T,C,C,T,Rep2
T,T,T,C,T,C,T,T,T,T,T,T,Rep2
T,T,T,T,C,T,T,T,C,T,T,T,Rep2
T,T,T,T,T,T,T,C,T,T,T,T,Rep2
T,T,T,C,T,T,T,T,T,T,T,T,Rep2
T,T,T,T,C,T,T,T,T,T,C,T,Rep2
T,T,T,C,T,T,T,T,T,T,T,T,Rep2
T,T,T,T,C,C,C,T,T,C,T,T,Rep2
T,T,T,C,T,T,T,T,T,T,T,T,Rep2
C,C,C,T,T,C,C,C,C,C,C,T,Rep2
C,T,C,T,T,T,T,T,T,T,T,T,Rep2
T,T,T,T,C,C,C,C,T,T,T,T,Rep2
T,T,T,T,T,T,C,T,T,T,T,T,Rep2
T,C,T,C,T,T,T,T,T,T,T,T,Rep2
T,C,T,C,T,T,C,T,T,C,T,T,Rep2
T,C,T,T,T,T,T,T,T,T,T,T,Rep2
C,T,C,C,T,T,T,T,T,T,C,C,Rep2
T,T,T,T,C,T,T,T,T,T,T,T,Rep2
T,C,T,T,T,T,T,T,T,T,T,T,Rep2
T,C,T,T,T,T,T,T,T,T,C,C,Rep2
C,C,C,C,C,T,C,C,C,C,C,C,Rep2
T,T,T,C,T,T,T,T,T,T,T,T,Rep2
T,C,C,T,T,T,T,T,T,T,T,T,Rep2
C,C,C,T,T,T,T,T,T,T,T,T,Rep2
C,C,C,C,T,C,T,T,T,T,T,C,Rep2
C,C,C,C,C,C,C,C,C,T,C,T,Rep2
T,T,T,T,T,C,T,T,T,T,T,T,Rep2
T,C,T,T,T,T,C,C,C,C,C,T,Rep2
C,C,C,C,C,C,C,C,T,T,C,C,Rep2
T,C,T,T,C,C,T,C,C,T,C,T,Rep2
T,T,T,T,T,T,C,T,T,T,T,T,Rep2
T,T,T,T,T,T,T,T,T,T,C,C,Rep2
C,C,C,C,C,C,T,T,T,T,T,T,Rep2
T,C,C,C,C,C,C,T,C,T,C,T,Rep2
C,C,C,C,C,T,T,T,T,T,T,T,Rep2
T,T,T,T,T,T,T,T,T,T,C,T,Rep2
T,C,C,T,C,T,T,T,T,C,T,T,Rep2
T,C,T,T,T,T,T,T,T,T,T,T,Rep2
T,T,T,T,C,C,T,C,T,T,T,T,Rep2
T,T,T,T,T,T,T,T,T,C,T,T,Rep2
C,C,C,C,C,C,C,C,T,T,T,T,Rep2
T,T,T,C,T,T,T,T,T,T,T,T,Rep2
T,T,T,T,T,T,T,T,C,T,T,C,Rep2
T,T,T,T,T,T,T,T,T,C,T,T,Rep2
C,C,T,T,T,T,T,T,C,T,T,T,Rep2
C,C,T,T,C,T,C,C,C,C,T,T,Rep2
C,C,C,C,T,T,T,C,T,T,T,C,Rep2
T,C,T,T,T,T,T,T,T,T,T,T,Rep2
T,T,T,T,C,T,T,T,T,T,T,T,Rep2
T,T,C,T,T,T,T,T,T,C,T,T,Rep2
C,C,C,T,T,T,C,T,C,C,C,C,Rep2
T,C,T,T,T,T,T,T,T,T,T,C,Rep2
T,T,T,T,T,T,T,C,T,T,T,T,Rep2
C,C,C,C,C,C,C,C,C,C,C,C,Rep2
T,T,T,T,T,C,C,C,T,T,T,T,Rep2
T,C,T,T,T,T,T,T,T,T,T,T,Rep2
T,T,T,T,T,C,T,T,T,T,T,T,Rep2
C,T,T,T,T,T,C,T,T,T,C,T,Rep2
T,C,T,T,T,T,T,T,T,T,T,T,Rep2
C,T,T,T,T,T,T,T,T,T,T,T,Rep2
C,T,T,T,C,T,T,T,T,T,T,T,Rep2
C,T,T,C,T,T,T,T,T,C,C,T,Rep2
C,T,T,C,T,T,T,T,T,T,T,T,Rep2
C,C,C,T,T,T,T,T,T,T,C,T,Rep2
T,T,T,C,T,T,T,C,T,T,T,T,Rep2
C,T,T,C,T,C,T,T,T,T,T,T,Rep2
T,C,C,T,C,T,C,T,T,T,T,T,Rep2
T,T,T,T,T,C,T,T,T,T,T,T,Rep2
C,C,C,T,C,C,C,C,C,C,C,C,Rep2
T,T,C,T,T,C,C,T,T,C,C,C,Rep2
C,C,T,C,T,T,C,C,T,T,T,T,Rep2
C,C,C,C,C,C,C,C,C,C,C,T,Rep2
C,T,T,T,T,T,T,T,T,T,T,T,Rep2
C,C,T,C,C,T,T,T,T,T,T,T,Rep2
C,T,C,T,T,C,T,T,C,T,C,T,Rep2
T,T,T,T,T,C,T,T,T,T,C,T,Rep2
T,T,T,C,T,T,C,T,T,C,T,T,Rep2
C,C,C,T,T,T,T,T,T,T,T,T,Rep2
T,T,C,T,T,T,T,T,T,T,T,T,Rep2
T,T,T,T,C,T,T,T,T,T,T,T,Rep2
C,C,C,C,C,C,C,T,T,T,T,T,Rep2
C,C,T,T,T,T,T,T,T,T,T,T,Rep2
T,T,T,T,C,T,T,T,T,T,T,T,Rep2
C,C,C,T,C,C,T,C,T,T,C,T,Rep2
T,C,T,T,T,T,T,T,T,T,T,T,Rep2
T,C,T,T,T,C,T,C,T,T,T,T,Rep2
T,T,C,T,T,C,T,T,T,T,T,T,Rep2
C,T,T,T,T,T,T,T,T,T,T,T,Rep2
T,T,C,T,T,T,C,T,T,T,T,T,Rep2
T,C,T,T,T,T,T,T,T,T,T,T,Rep2
C,C,C,T,C,C,C,C,C,T,C,T,Rep2
C,C,C,C,C,C,C,C,C,C,C,C,Rep2
C,C,C,T,C,C,C,C,T,T,T,T,Rep2
T,C,C,T,C,C,C,T,C,T,T,T,Rep2
C,T,T,T,T,T,T,T,T,T,T,T,Rep2
C,C,C,C,C,C,C,C,C,T,C,T,Rep2
T,T,T,C,C,C,C,C,C,T,T,T,Rep2
T,T,C,T,T,T,T,T,T,T,T,T,Rep2
T,T,C,T,T,T,T,T,T,T,T,T,Rep2
T,T,T,C,T,T,T,T,T,T,T,T,Rep2
C,C,C,C,C,C,T,C,C,T,T,T,Rep2
T,C,C,T,C,T,T,T,T,T,T,T,Rep2
T,T,T,T,T,T,C,T,C,T,T,T,Rep2
C,C,C,C,C,C,C,C,T,C,T,C,Rep2
T,T,T,T,C,T,T,T,T,T,T,T,Rep2
T,T,T,T,C,C,T,T,T,T,T,T,Rep2
T,C,T,T,T,T,T,T,T,T,T,T,Rep2
C,C,C,C,C,C,C,C,C,C,C,C,Rep2
T,C,C,C,C,C,T,C,T,T,T,T,Rep2
T,T,T,C,T,T,T,T,T,T,T,T,Rep2
T,T,T,T,T,C,C,T,C,T,T,T,Rep2
T,T,T,T,T,T,T,T,T,C,C,T,Rep2
T,T,T,T,T,T,T,T,T,T,C,T,Rep2
T,T,T,T,T,T,T,T,T,T,C,T,Rep2
T,T,T,T,T,T,T,T,C,T,T,T,Rep2
T,T,T,T,C,C,T,T,T,T,T,T,Rep2
T,T,T,T,T,T,C,C,C,C,C,T,Rep2
T,T,T,T,T,T,T,C,T,T,T,T,Rep2
T,T,C,T,T,T,C,T,T,C,T,T,Rep2
T,T,T,T,T,C,T,T,T,T,T,T,Rep2
T,T,T,T,T,T,T,T,T,T,C,T,Rep2
T,C,C,T,C,C,T,C,C,C,C,T,Rep2
C,C,C,C,C,C,T,C,T,C,C,T,Rep2
T,C,C,T,T,T,T,T,T,T,T,T,Rep2
T,T,T,T,T,C,T,T,T,T,T,T,Rep2
T,T,T,C,C,T,C,C,T,C,T,T,Rep2
T,C,T,C,C,C,C,C,T,T,C,T,Rep2
T,T,C,T,T,T,T,C,T,T,T,T,Rep2
C,C,T,C,T,T,T,T,C,T,T,T,Rep2
C,C,T,C,T,T,T,T,C,T,T,T,Rep2
C,T,C,T,C,T,T,C,C,C,T,T,Rep2
T,T,T,C,T,T,T,T,T,C,T,T,Rep2
T,C,T,C,C,T,T,T,C,T,T,T,Rep2
T,T,C,C,T,T,T,T,T,T,T,C,Rep2
T,C,C,T,T,T,T,T,T,T,T,T,Rep2
C,C,C,C,C,C,C,C,C,C,C,C,Rep2
C,T,C,T,C,C,T,C,C,T,T,T,Rep2
T,T,T,C,T,T,T,T,T,T,T,T,Rep2
C,C,C,C,C,C,T,T,T,T,T,T,Rep2
T,C,T,C,T,T,T,T,C,T,T,T,Rep2
C,C,C,C,C,C,T,T,T,T,T,T,Rep2
T,T,T,T,T,T,T,T,T,T,C,T,Rep2
T,C,T,T,C,T,C,T,C,C,T,C,Rep2
T,T,T,T,T,T,T,T,T,C,T,C,Rep2
T,C,T,T,T,T,C,C,C,C,T,T,Rep2
T,T,T,T,T,T,T,C,T,T,C,T,Rep2
C,C,C,C,C,C,C,C,C,C,T,T,Rep2
T,C,T,C,C,C,T,T,T,T,T,C,Rep2
C,C,C,C,C,T,T,T,T,T,C,T,Rep2
C,C,C,C,C,C,C,C,T,C,C,C,Rep2
T,C,C,C,T,T,T,T,T,T,T,T,Rep2
C,C,T,C,T,T,T,C,C,C,T,T,Rep2
T,C,C,C,T,T,T,T,T,T,T,T,Rep2
T,T,T,T,T,T,T,T,T,T,C,T,Rep2
C,C,C,C,C,T,C,C,C,C,C,T,Rep2
C,C,C,C,C,C,C,T,T,T,T,T,Rep2
T,C,T,C,T,T,T,T,T,T,T,T,Rep2
T,T,T,T,T,C,T,T,T,T,T,T,Rep2
T,T,T,T,T,T,T,T,T,T,C,T,Rep2
T,T,T,T,C,T,T,T,T,T,T,T,Rep2
C,C,C,C,C,T,T,T,T,T,T,T,Rep2
C,C,C,C,T,T,T,C,C,C,T,T,Rep2
T,T,T,T,C,C,T,C,T,T,T,T,Rep2
T,T,C,T,C,C,T,T,T,T,T,T,Rep2
C,C,C,T,C,T,T,C,T,T,C,C,Rep2
T,C,C,C,C,C,C,C,C,T,T,T,Rep2
T,T,T,C,T,T,T,T,T,T,T,T,Rep2
C,T,T,T,T,T,T,T,T,T,T,T,Rep2
C,C,C,C,T,T,T,T,C,T,T,T,Rep2
T,T,T,T,T,T,T,C,T,T,T,T,Rep2
T,T,T,T,T,T,T,T,T,C,C,C,Rep2
T,T,C,T,T,T,T,T,T,T,T,T,Rep2
T,C,T,T,T,T,T,T,T,T,T,T,Rep2
C,T,T,T,T,C,T,T,T,T,T,T,Rep2
C,C,C,T,T,T,T,C,T,T,T,T,Rep2
T,T,T,T,C,C,T,C,T,T,T,T,Rep2
C,C,C,C,T,T,T,T,T,C,T,T,Rep2
T,C,T,T,T,T,T,T,T,T,T,T,Rep2
T,C,T,T,T,T,T,T,T,T,T,T,Rep2
T,T,T,T,T,T,T,C,T,C,C,T,Rep2
C,C,C,T,T,T,T,T,T,C,C,T,Rep2
T,T,C,C,T,T,T,T,T,T,T,T,Rep2
T,C,T,T,T,T,T,T,T,T,T,T,Rep2
T,C,C,C,C,C,C,T,T,T,T,T,Rep2
T,T,T,T,T,T,C,T,T,T,T,T,Rep2
C,T,C,T,T,C,C,T,T,T,T,T,Rep2
T,T,T,T,T,T,T,C,T,T,T,T,Rep2
C,C,C,T,T,T,T,T,T,T,T,T,Rep2
C,C,C,T,T,T,T,T,T,T,T,T,Rep2
T,T,T,T,T,C,T,T,T,T,T,T,Rep2
T,T,T,C,C,T,T,T,T,T,T,T,Rep2
C,T,T,T,T,T,T,T,T,T,T,T,Rep2
T,T,T,T,C,T,T,C,T,T,T,T,Rep2
T,T,T,T,T,T,T,T,T,C,T,T,Rep2
T,C,T,T,C,T,T,T,T,T,T,T,Rep2
T,T,C,T,T,T,T,T,C,C,T,C,Rep2
T,C,T,T,C,T,T,T,T,T,T,T,Rep2
C,T,C,C,C,T,T,T,T,T,T,T,Rep2
C,T,T,C,T,T,T,T,T,C,T,C,Rep2
T,T,T,C,T,C,T,T,T,T,T,T,Rep2
T,C,C,T,T,C,T,T,T,T,T,T,Rep2
C,C,C,C,T,C,T,C,T,T,T,C,Rep2
T,T,T,T,T,T,T,C,T,C,T,T,Rep2
T,T,T,T,T,T,T,T,C,T,T,T,Rep2
T,T,T,T,T,T,T,T,C,T,T,T,Rep2
C,T,T,T,T,T,T,T,T,T,T,T,Rep2
T,T,T,T,T,T,T,T,C,C,T,T,Rep2
C,C,T,T,T,C,T,T,T,T,T,T,Rep2
T,C,C,C,C,C,T,T,T,T,T,T,Rep2
T,T,T,T,T,T,T,T,C,T,T,T,Rep2
T,C,T,T,T,C,T,T,T,T,T,T,Rep2
T,T,T,T,T,C,T,T,T,T,T,T,Rep2
T,C,C,C,T,C,C,T,T,C,T,T,Rep2
C,C,C,C,C,C,C,C,C,C,C,T,Rep2
T,C,T,T,C,T,T,T,T,T,T,T,Rep2
C,T,T,T,T,T,T,T,T,C,T,T,Rep2
T,C,T,T,C,T,C,T,T,T,T,T,Rep2
T,C,T,T,T,T,T,T,T,T,T,T,Rep2
C,T,T,T,T,T,T,T,T,T,T,T,Rep2
C,C,C,C,C,C,C,C,C,C,T,C,Rep2
T,T,T,T,T,T,T,T,T,T,T,C,Rep2
T,T,C,T,T,T,T,T,T,T,T,T,Rep2
T,C,T,T,C,C,C,T,T,C,T,T,Rep2
T,T,C,T,T,T,T,C,T,T,T,T,Rep2
T,T,T,T,C,T,T,T,T,C,T,T,Rep2
T,T,T,T,C,T,T,T,T,T,T,T,Rep2
T,T,T,T,T,T,T,C,T,T,T,T,Rep2
C,T,T,T,T,T,T,C,T,T,T,T,Rep2
T,C,C,T,C,T,T,T,T,T,T,T,Rep2
T,T,T,T,C,C,T,T,T,T,T,T,Rep2
C,C,T,T,T,T,T,T,T,T,T,T,Rep2
T,C,C,T,C,T,C,C,T,T,C,T,Rep2
T,C,C,C,C,C,T,T,T,C,C,T,Rep2
T,T,C,T,T,T,T,T,T,T,T,T,Rep2
C,T,T,T,T,T,T,T,T,T,T,T,Rep2
C,T,T,T,T,T,T,T,T,T,T,T,Rep2
C,T,T,T,T,T,T,T,C,C,C,C,Rep2
T,C,T,C,T,T,T,T,T,T,T,T,Rep2
C,C,T,T,T,T,T,T,T,T,T,T,Rep2
C,C,C,C,C,C,C,C,C,C,C,C,Rep2
C,C,C,C,C,C,C,C,C,C,C,T,Rep2
C,T,C,T,T,T,C,T,T,T,T,T,Rep2
C,C,C,C,C,C,T,T,T,T,T,T,Rep2
T,T,T,T,T,C,T,T,T,T,T,T,Rep2
T,C,C,T,C,T,T,T,T,T,T,T,Rep2
T,T,C,T,T,T,T,T,T,T,T,T,Rep2
T,T,T,T,C,C,T,T,T,T,T,T,Rep2
T,T,T,T,C,T,T,T,T,T,T,T,Rep2
C,C,T,C,T,C,C,C,C,T,C,T,Rep2
T,T,T,T,T,T,T,C,C,T,T,T,Rep2
T,T,T,T,T,T,T,C,T,T,T,T,Rep2
C,C,C,C,C,C,C,C,C,T,C,C,Rep2
T,T,T,T,T,T,T,C,T,C,T,T,Rep2
T,T,T,T,T,C,T,C,T,T,T,T,Rep2
T,T,T,T,C,T,T,T,T,T,T,T,Rep2
T,T,T,T,T,C,T,T,T,T,T,T,Rep2
T,C,T,T,T,T,T,T,T,T,T,T,Rep2
T,T,C,T,T,C,C,T,T,T,T,T,Rep2
C,T,T,T,T,T,T,T,T,T,T,C,Rep2
C,T,T,C,T,T,T,T,T,T,T,T,Rep2
T,C,C,C,C,C,C,C,C,T,C,C,Rep2
T,T,T,T,T,T,T,T,T,T,T,C,Rep2
C,C,T,T,T,T,T,T,C,T,T,C,Rep2
C,C,C,T,T,T,T,T,T,T,T,C,Rep2
T,T,T,T,C,C,T,C,T,T,T,T,Rep2
T,T,T,C,T,T,T,T,T,T,T,T,Rep2
T,T,C,T,T,C,T,T,T,T,T,T,Rep2
C,T,C,T,C,C,C,T,T,T,T,T,Rep2
C,T,T,T,C,T,T,T,T,C,T,T,Rep2
T,C,T,T,T,T,T,T,T,C,T,T,Rep2
C,C,C,T,C,C,T,C,T,T,T,T,Rep2
C,C,C,C,C,T,T,T,T,T,T,T,Rep2
T,C,T,T,T,T,T,T,T,T,T,T,Rep2
C,T,C,C,T,T,T,T,T,T,T,T,Rep2
T,T,T,T,C,C,C,T,C,C,C,C,Rep2
T,C,T,T,T,T,T,T,T,T,T,T,Rep2
C,C,C,T,C,C,C,C,C,C,C,C,Rep2
C,T,T,T,T,T,T,C,T,T,T,T,Rep2
T,C,C,T,C,T,T,T,T,T,T,T,Rep2
C,C,T,T,T,T,C,T,C,C,T,T,Rep2
T,T,C,T,T,T,T,T,T,T,T,T,Rep2
T,T,T,C,T,T,T,T,T,T,T,T,Rep2
T,T,T,T,T,T,T,T,T,C,T,T,Rep2
T,C,C,T,T,T,C,T,T,T,T,T,Rep2
T,T,T,T,T,T,C,T,T,T,T,T,Rep2
T,C,T,T,T,T,T,T,C,T,T,T,Rep2
C,C,T,C,C,T,T,T,T,T,T,T,Rep2
C,C,C,C,C,C,C,C,C,C,C,C,Rep2
T,T,T,T,T,T,C,C,C,C,C,C,Rep2
T,T,T,T,T,T,T,T,T,T,T,C,Rep2
T,C,C,C,C,C,C,C,T,T,C,T,Rep2
T,T,T,T,T,T,T,T,C,T,T,T,Rep2
C,C,C,C,C,C,T,T,T,T,C,C,Rep2
T,T,T,T,C,T,T,T,T,T,T,T,Rep2
C,C,C,T,T,T,T,T,T,T,T,C,Rep2
T,C,C,T,T,T,T,T,T,T,T,T,Rep2
T,C,C,C,C,T,T,C,T,T,T,T,Rep2
T,C,T,T,C,T,T,T,T,T,T,T,Rep2
T,T,T,T,T,T,C,T,T,T,T,T,Rep2
T,C,C,T,T,T,T,T,T,T,T,T,Rep2
T,T,C,T,T,C,T,T,T,T,T,T,Rep2
T,C,C,C,T,C,T,T,T,T,T,T,Rep2
T,T,C,T,T,T,T,T,T,T,T,T,Rep2
T,T,T,T,T,T,C,C,T,T,T,T,Rep2
T,C,T,T,T,C,T,C,T,T,T,T,Rep2
T,T,C,T,C,C,T,T,T,T,T,T,Rep2
C,C,C,T,C,T,C,C,T,T,T,T,Rep2
C,C,C,C,C,C,C,C,C,C,T,T,Rep2
T,C,T,T,C,T,C,C,T,T,T,T,Rep2
T,T,C,T,T,T,T,T,T,T,C,C,Rep2
C,C,C,C,C,C,C,C,T,T,T,T,Rep2
T,T,T,T,T,T,T,T,T,T,T,C,Rep2
C,C,C,C,C,C,C,C,T,T,C,T,Rep2
T,T,C,T,C,C,T,T,C,T,T,T,Rep2
T,C,T,T,T,T,T,T,T,T,T,T,Rep2
C,C,C,C,C,T,T,T,T,C,T,T,Rep2
T,T,C,T,T,T,T,T,T,C,T,T,Rep2
C,C,C,C,C,C,T,T,T,T,C,T,Rep2
T,T,T,T,T,T,T,T,T,T,T,C,Rep2
T,C,T,T,T,T,T,T,T,T,T,T,Rep2
C,C,C,C,T,T,T,C,T,T,T,T,Rep2
C,C,C,C,C,C,C,C,C,C,C,C,Rep2
C,C,C,T,C,C,C,C,T,T,C,C,Rep2
T,C,C,C,T,T,T,C,C,C,T,T,Rep2
T,T,T,T,T,C,C,T,T,T,C,T,Rep2
T,T,C,C,C,C,T,C,T,T,T,T,Rep2
C,C,C,C,C,C,C,T,T,C,T,T,Rep2
C,C,C,C,C,C,C,T,T,T,C,T,Rep2
T,T,T,T,T,T,T,T,T,T,T,C,Rep2
T,T,T,T,T,T,T,T,T,C,T,T,Rep2
T,C,C,C,T,C,T,C,C,T,T,T,Rep2
C,T,C,T,T,C,T,T,T,T,T,T,Rep2
C,C,C,C,C,C,C,C,T,C,C,T,Rep2
T,C,C,T,T,T,T,T,T,T,C,T,Rep2
T,T,T,T,C,T,T,T,T,T,T,C,Rep2
T,T,T,T,T,T,T,T,T,C,T,T,Rep2
T,T,T,T,T,T,T,C,T,T,T,T,Rep2
C,T,T,T,T,T,T,T,T,T,T,T,Rep2
T,C,C,T,T,T,T,T,T,T,T,T,Rep2
C,T,C,T,T,T,C,C,C,T,T,T,Rep2
T,T,T,T,T,T,T,T,T,C,T,T,Rep2
C,T,T,T,C,T,T,T,T,C,T,T,Rep2
T,T,C,T,T,T,T,T,T,T,T,T,Rep2
C,T,T,C,T,C,C,T,C,T,T,T,Rep2
C,T,C,C,C,C,C,C,T,T,T,T,Rep2
T,T,T,T,C,T,T,T,T,T,T,T,Rep2
T,T,T,T,T,T,T,C,T,T,T,T,Rep2
T,T,C,T,T,T,T,T,T,T,T,T,Rep2
T,T,C,T,T,T,T,T,T,T,T,T,Rep2
C,T,T,C,T,T,C,C,C,T,C,T,Rep2
T,T,C,T,C,T,T,T,T,T,T,T,Rep2
T,C,T,T,T,T,T,C,T,T,T,T,Rep2
T,T,T,C,T,T,T,T,T,T,T,T,Rep2
C,C,C,T,C,T,C,C,C,T,T,C,Rep2
C,C,T,T,T,T,T,T,T,T,T,T,Rep2
T,C,T,T,T,T,T,T,T,T,T,T,Rep2
T,T,T,T,T,T,C,T,T,T,T,T,Rep2
C,C,C,C,C,C,C,C,C,C,T,C,Rep2
C,C,C,T,T,T,T,T,T,T,T,T,Rep2
T,C,T,T,C,C,C,T,T,T,T,T,Rep2
T,C,C,C,T,T,T,T,T,T,C,T,Rep2
T,C,C,T,T,T,C,C,T,T,T,T,Rep2
C,C,C,C,C,C,C,C,C,C,C,C,Rep2
C,T,T,T,C,C,T,T,T,T,T,T,Rep2
C,C,T,C,C,T,C,T,T,T,T,T,Rep2
C,C,C,C,C,C,T,C,T,C,T,C,Rep2
C,T,T,C,T,C,T,T,T,T,T,T,Rep2
T,T,C,C,T,T,T,C,T,C,C,C,Rep2
T,T,T,T,T,T,T,T,T,T,C,T,Rep2
C,C,C,T,T,T,T,C,T,T,T,T,Rep2
T,T,T,T,T,T,T,T,C,C,C,T,Rep2
C,C,C,T,T,T,T,T,T,T,T,T,Rep2
T,T,C,C,T,T,T,T,T,T,T,T,Rep2
T,T,T,T,T,C,T,T,T,T,T,T,Rep2
C,C,T,C,T,T,T,T,T,T,T,T,Rep2
T,T,C,T,C,C,C,T,C,T,T,T,Rep2
C,T,T,C,T,T,C,C,T,T,T,T,Rep2
T,C,C,T,C,C,C,T,C,C,C,C,Rep2
T,T,T,T,C,T,T,T,T,T,T,T,Rep2
T,C,T,T,C,T,T,T,T,T,T,T,Rep2
T,T,T,T,T,C,T,T,T,T,T,T,Rep2
T,C,T,T,C,T,T,T,T,T,T,T,Rep2
C,C,C,T,T,T,T,T,T,T,T,T,Rep2
C,T,T,T,T,T,T,C,T,T,T,T,Rep2
T,T,T,T,T,C,T,T,T,T,T,T,Rep2
T,T,T,T,T,T,T,T,T,T,T,C,Rep2
C,T,T,T,T,T,T,T,T,T,T,T,Rep2
T,T,T,T,T,T,T,T,T,C,T,T,Rep2
C,C,C,C,C,C,C,T,T,T,C,T,Rep2
T,T,T,T,T,T,T,T,T,T,C,T,Rep2
C,C,C,C,C,C,C,C,C,C,C,T,Rep2
T,T,T,T,T,T,T,T,T,T,C,T,Rep2
T,T,T,T,C,T,T,T,T,T,C,T,Rep2
C,T,T,T,T,T,T,T,T,T,T,T,Rep2
C,T,T,T,C,C,T,T,T,T,T,T,Rep2
T,T,T,T,C,C,T,T,T,T,C,T,Rep2
C,C,C,T,T,T,C,T,T,T,T,C,Rep2
C,T,T,T,T,T,T,T,T,T,C,C,Rep2
T,T,T,T,C,T,T,T,T,T,T,T,Rep2
C,C,T,T,C,C,C,C,T,C,C,T,Rep2
T,T,T,C,T,T,T,T,T,T,T,T,Rep2
T,C,C,C,T,T,T,C,T,T,T,T,Rep2
T,T,C,T,T,T,T,T,T,T,T,T,Rep2
C,T,T,T,T,T,T,T,T,T,T,T,Rep2
T,T,T,T,T,T,C,T,T,T,T,T,Rep2
C,C,C,C,T,C,C,C,T,C,C,C,Rep2
T,T,T,T,T,T,T,C,T,T,T,T,Rep2
T,T,C,T,C,C,T,T,T,C,C,C,Rep2
T,T,T,T,T,C,T,T,T,T,T,T,Rep2
T,T,T,T,T,T,T,T,T,C,T,T,Rep2
T,T,T,T,T,T,T,C,T,C,T,T,Rep2
T,T,C,T,C,C,T,C,T,T,T,T,Rep2
T,C,T,T,T,T,T,T,T,T,T,T,Rep2
C,C,C,C,T,T,T,T,T,T,T,T,Rep2
T,C,C,T,T,T,T,T,T,T,T,T,Rep2
T,T,C,T,T,T,T,T,T,T,T,T,Rep2
T,T,T,T,T,C,C,C,C,C,C,T,Rep2
C,C,C,T,T,C,T,T,C,T,C,C,Rep2
T,T,T,C,C,T,T,C,T,T,T,T,Rep2
T,T,T,T,T,T,T,T,C,T,T,T,Rep2
C,C,C,C,C,T,T,T,T,T,T,T,Rep2
T,C,C,T,T,T,T,T,T,T,T,T,Rep2
T,C,T,T,T,T,T,C,T,T,T,T,Rep2
T,T,C,C,C,T,T,T,T,T,T,T,Rep2
T,T,C,T,T,C,T,T,T,T,T,T,Rep2
T,T,T,T,T,T,T,T,C,T,T,T,Rep2
T,C,C,T,T,T,T,T,T,T,T,T,Rep2
T,T,T,T,T,T,T,C,T,C,T,C,Rep2
C,C,C,T,T,T,T,T,T,T,T,T,Rep2
T,T,T,T,T,T,C,C,C,C,C,C,Rep2
T,T,C,C,C,T,T,T,T,T,T,T,Rep2
T,T,T,T,T,C,C,T,T,T,T,T,Rep2
C,C,C,C,C,C,C,C,T,C,C,T,Rep2
C,T,C,C,T,C,C,T,T,C,T,T,Rep2
C,C,C,C,C,C,T,T,T,T,T,T,Rep2
T,T,T,T,C,T,T,T,T,T,T,T,Rep2
T,T,T,T,C,T,C,T,T,T,T,T,Rep2
C,C,T,T,T,T,T,T,T,T,C,C,Rep2
T,T,T,T,T,T,T,T,T,T,C,T,Rep2
T,C,C,T,T,T,T,T,C,T,T,T,Rep2
T,C,T,T,T,T,T,C,T,T,C,T,Rep2
T,T,C,T,T,T,T,T,T,T,T,T,Rep2
T,T,T,T,T,T,C,T,T,T,T,T,Rep2
C,T,T,T,C,C,T,T,T,T,T,T,Rep2
T,T,T,T,T,T,T,T,T,T,C,T,Rep2
T,T,T,C,C,T,T,C,T,T,T,T,Rep2
C,C,C,C,C,C,C,C,C,C,C,T,Rep2
T,T,T,T,T,C,T,T,C,T,T,T,Rep2
C,C,C,C,C,C,C,C,T,T,T,T,Rep2
T,T,T,T,C,C,C,C,C,C,C,T,Rep2
T,C,C,T,C,C,T,T,T,T,T,T,Rep2
T,T,T,T,T,T,T,T,C,T,T,T,Rep2
C,T,T,C,C,C,T,C,C,C,T,T,Rep2
T,T,T,T,C,T,T,T,T,C,T,T,Rep2
T,C,C,T,T,T,T,T,T,T,T,T,Rep2
C,C,C,T,T,T,C,T,C,C,C,T,Rep2
T,T,T,T,T,T,T,C,T,T,T,T,Rep2
T,C,T,T,T,T,T,T,T,T,T,T,Rep2
C,C,C,T,C,C,C,C,T,T,C,C,Rep2
C,C,C,C,C,C,C,C,C,C,C,T,Rep2
T,T,C,T,T,T,T,T,T,T,C,T,Rep2
C,C,C,T,C,C,C,C,C,C,C,C,Rep2
C,C,C,T,C,C,C,C,T,C,C,C,Rep2
C,C,C,C,C,T,T,T,T,C,C,C,Rep2
C,C,T,T,C,T,T,T,T,T,T,T,Rep2
T,C,T,T,C,C,T,T,T,T,T,T,Rep2
T,C,T,T,T,T,T,C,T,C,T,T,Rep2
C,C,C,T,C,C,C,T,T,T,T,T,Rep2
C,T,C,T,C,T,T,T,T,T,T,T,Rep2
T,C,T,T,T,C,T,T,T,T,T,T,Rep2
T,T,T,T,T,C,T,T,T,T,T,T,Rep2
C,T,C,T,T,T,T,C,T,T,T,T,Rep2
T,T,T,T,T,T,T,T,T,C,C,C,Rep2
C,T,T,T,T,T,C,T,T,T,T,T,Rep2
C,C,T,T,C,T,T,T,T,T,T,T,Rep2
C,C,C,C,C,C,C,C,C,C,C,C,Rep2
T,C,C,C,C,T,C,T,T,T,C,C,Rep2
T,C,T,T,T,T,T,T,T,T,T,T,Rep2
C,T,T,T,T,T,T,T,T,T,T,T,Rep2
T,T,T,T,T,T,T,T,T,T,C,T,Rep2
T,T,C,T,C,C,T,T,T,T,T,T,Rep2
C,C,C,T,T,T,T,T,T,T,T,T,Rep2
T,T,T,T,T,T,T,T,C,T,T,T,Rep2
T,C,C,T,T,T,T,T,T,T,T,T,Rep2
T,T,T,T,T,T,T,T,C,T,T,T,Rep2
C,C,C,C,T,T,T,T,T,C,T,T,Rep2
C,T,T,T,C,C,T,T,T,T,T,T,Rep2
T,T,C,T,T,T,T,T,T,T,T,T,Rep2
C,C,C,C,C,C,C,C,C,C,C,C,Rep2
C,T,C,T,T,C,T,T,T,T,T,T,Rep2
T,T,T,T,T,T,T,C,T,T,T,T,Rep2
C,T,T,T,C,T,T,T,T,T,T,T,Rep2
T,T,T,T,T,T,T,T,T,C,T,T,Rep2
T,T,T,T,T,T,T,C,T,T,T,T,Rep2
C,C,C,C,C,C,C,T,C,C,C,T,Rep2
C,C,T,T,T,C,T,T,T,C,T,C,Rep2
C,C,C,T,T,T,T,T,T,C,T,T,Rep2
T,C,C,T,C,C,T,T,T,C,T,T,Rep2
T,C,T,T,T,C,T,T,T,C,T,T,Rep2
T,T,C,T,T,T,T,T,T,T,T,T,Rep2
T,C,C,T,T,T,T,T,T,T,T,T,Rep2
C,C,C,C,C,C,C,C,C,C,C,C,Rep2
C,C,T,T,C,T,T,T,T,T,T,T,Rep2
T,T,T,T,T,T,C,C,C,C,C,C,Rep2
T,T,T,T,T,C,T,T,T,T,T,T,Rep2
T,T,T,T,T,T,T,T,T,T,T,C,Rep2
T,T,T,T,T,T,T,T,T,T,T,C,Rep2
T,T,C,T,T,T,T,T,T,T,T,T,Rep2
C,C,C,T,T,T,T,T,T,T,T,T,Rep2
C,C,T,T,T,T,T,T,T,T,T,T,Rep2
C,C,C,T,C,C,T,T,T,C,T,T,Rep2
C,C,C,C,C,C,C,C,T,C,C,C,Rep2
T,T,T,T,T,C,C,T,T,T,C,T,Rep2
C,T,T,T,T,T,T,T,T,T,T,T,Rep2
C,C,C,C,C,C,T,T,T,C,C,T,Rep2
C,T,T,T,T,T,T,T,T,T,T,T,Rep2
T,C,T,T,T,T,T,C,T,C,T,T,Rep2
C,C,T,C,T,T,T,T,T,T,T,T,Rep2
T,T,T,C,T,C,T,T,T,T,T,T,Rep3
T,T,T,T,C,T,T,T,T,T,T,T,Rep3
T,T,C,T,T,T,T,T,T,C,T,T,Rep3
C,C,C,T,T,T,T,C,T,T,T,C,Rep3
T,C,T,T,T,T,C,T,T,T,T,T,Rep3
T,T,C,T,T,T,T,T,T,T,T,T,Rep3
C,C,C,T,T,T,T,T,C,C,C,T,Rep3
T,C,T,T,T,T,T,C,T,T,T,T,Rep3
C,C,C,C,C,C,C,C,C,C,T,C,Rep3
T,C,C,C,T,C,T,T,T,T,C,T,Rep3
T,T,T,C,C,C,T,T,T,T,T,T,Rep3
T,T,T,T,T,T,T,T,T,C,T,C,Rep3
C,C,C,C,C,T,T,T,T,T,T,T,Rep3
T,C,T,T,T,T,T,T,T,T,T,T,Rep3
T,T,T,T,T,T,T,T,T,T,C,T,Rep3
T,C,C,T,C,C,C,C,C,C,T,C,Rep3
T,C,T,T,T,T,T,T,T,T,T,T,Rep3
C,T,T,T,T,T,T,C,T,C,T,T,Rep3
T,C,T,T,T,T,T,T,T,T,T,T,Rep3
T,T,T,T,T,C,T,T,T,T,T,T,Rep3
T,T,C,C,T,T,T,C,T,T,T,T,Rep3
T,T,T,T,T,C,T,T,T,T,T,T,Rep3
C,T,T,T,T,T,T,T,T,T,T,T,Rep3
C,C,C,T,T,T,T,T,T,T,T,T,Rep3
T,C,T,T,T,T,T,T,T,C,T,T,Rep3
T,T,T,T,C,C,T,T,T,T,C,T,Rep3
T,C,C,T,C,T,T,C,T,C,C,T,Rep3
C,C,T,C,T,T,C,T,T,T,T,T,Rep3
C,C,C,C,C,T,C,C,T,T,T,T,Rep3
T,T,T,T,C,T,T,T,T,T,T,T,Rep3
T,T,C,T,T,T,T,T,T,T,T,T,Rep3
T,T,T,T,T,T,T,T,T,C,T,T,Rep3
T,T,T,T,C,T,C,T,T,C,T,T,Rep3
C,T,T,T,T,T,T,T,T,T,T,T,Rep3
T,C,T,T,T,T,T,T,T,T,T,T,Rep3
T,C,T,T,T,T,T,T,T,T,T,T,Rep3
T,C,C,C,C,C,T,C,C,C,C,T,Rep3
T,C,T,C,T,C,T,C,T,T,T,T,Rep3
T,C,T,T,T,T,T,T,T,T,T,T,Rep3
T,T,T,T,T,C,T,T,T,T,T,T,Rep3
C,T,T,C,C,T,T,T,T,T,T,T,Rep3
T,T,T,T,C,T,T,T,T,C,T,T,Rep3
T,T,T,T,C,T,T,T,T,T,T,T,Rep3
C,T,T,T,T,T,T,T,T,T,T,T,Rep3
T,T,T,T,C,T,T,T,T,T,C,C,Rep3
C,C,C,C,C,T,T,T,T,T,T,T,Rep3
C,T,T,T,T,T,T,T,T,T,T,T,Rep3
C,C,C,C,C,C,C,C,T,T,C,C,Rep3
T,T,T,T,C,T,C,T,T,T,T,T,Rep3
T,T,T,T,T,C,T,T,T,T,T,T,Rep3
C,C,C,T,C,C,C,C,T,C,T,C,Rep3
T,C,C,C,C,C,C,C,T,C,T,T,Rep3
C,C,C,C,T,T,T,C,T,C,C,T,Rep3
C,C,T,T,T,T,C,T,T,T,T,T,Rep3
T,T,T,T,T,T,T,T,C,T,C,T,Rep3
C,T,T,T,T,T,T,T,T,T,T,T,Rep3
C,C,C,C,C,C,C,T,T,T,T,T,Rep3
C,T,T,T,C,C,T,C,T,T,C,C,Rep3
C,T,T,T,T,T,T,T,T,T,T,T,Rep3
C,C,C,T,T,T,T,T,T,T,C,T,Rep3
C,C,C,T,T,T,T,T,T,T,C,T,Rep3
T,T,T,T,T,T,T,C,C,C,T,T,Rep3
T,T,T,T,T,T,T,T,T,C,T,T,Rep3
T,C,C,T,C,C,C,C,T,T,C,T,Rep3
T,C,T,T,T,T,T,T,T,T,T,T,Rep3
T,T,T,T,T,T,T,T,T,C,T,T,Rep3
T,C,T,T,C,T,T,T,T,T,T,T,Rep3
T,C,T,T,T,T,T,T,T,T,T,T,Rep3
T,T,T,T,C,T,T,T,T,T,T,T,Rep3
T,C,T,C,T,C,T,T,T,T,T,T,Rep3
T,T,T,C,C,C,T,T,T,C,T,T,Rep3
T,C,T,T,T,C,T,T,T,C,T,T,Rep3
T,T,T,T,T,T,C,C,T,T,T,T,Rep3
T,C,T,T,T,T,T,T,T,T,T,T,Rep3
T,T,T,T,T,C,C,T,T,T,T,T,Rep3
T,T,T,T,T,T,T,T,T,C,T,T,Rep3
T,T,T,T,C,C,T,T,T,T,T,T,Rep3
C,T,T,C,T,T,T,C,C,T,T,T,Rep3
T,C,T,T,C,T,C,C,C,T,C,C,Rep3
T,C,T,T,T,C,T,T,T,C,T,T,Rep3
T,T,C,T,T,T,T,T,T,T,T,T,Rep3
T,C,T,T,T,C,C,T,C,T,T,T,Rep3
T,T,T,C,T,T,T,T,T,T,C,T,Rep3
T,T,T,T,C,C,C,T,T,T,T,T,Rep3
T,T,T,T,T,T,T,T,C,T,T,C,Rep3
T,T,T,T,T,C,T,T,T,T,T,T,Rep3
C,C,C,T,T,T,T,T,C,C,C,C,Rep3
C,T,C,C,T,T,T,T,T,T,T,T,Rep3
T,T,T,T,T,T,T,T,T,C,T,T,Rep3
C,C,C,C,C,T,T,C,C,C,C,C,Rep3
T,T,C,T,C,C,T,T,C,C,T,T,Rep3
C,C,C,T,T,T,T,T,T,C,T,T,Rep3
T,T,T,T,T,T,T,T,C,T,T,T,Rep3
T,C,T,C,T,T,T,T,C,C,T,T,Rep3
T,C,T,T,T,T,T,T,C,T,T,T,Rep3
T,T,T,T,T,C,T,T,T,T,T,T,Rep3
C,C,C,T,T,C,T,T,T,T,T,T,Rep3
T,C,T,C,C,T,T,T,T,T,T,T,Rep3
T,C,T,T,T,T,T,T,T,T,T,T,Rep3
C,T,T,T,T,T,T,T,T,T,T,T,Rep3
T,C,C,C,T,T,T,T,T,T,T,T,Rep3
T,T,C,T,T,T,C,T,T,T,C,T,Rep3
T,T,C,T,T,T,C,T,T,T,T,T,Rep3
C,C,C,C,C,C,T,C,C,C,C,C,Rep3
T,T,C,C,C,C,T,T,T,T,T,T,Rep3
T,C,T,T,C,C,T,C,C,T,T,T,Rep3
T,C,T,T,T,T,T,C,T,C,C,T,Rep3
T,C,C,T,T,T,T,T,T,T,T,T,Rep3
T,T,C,T,T,C,T,T,C,T,T,T,Rep3
C,T,T,C,T,T,T,T,T,T,T,T,Rep3
T,T,T,T,C,C,T,T,T,T,C,T,Rep3
T,C,C,C,T,T,T,T,C,T,T,T,Rep3
C,C,C,C,C,C,C,C,T,T,T,T,Rep3
C,T,T,T,T,C,C,C,C,C,C,T,Rep3
T,C,C,C,T,T,T,T,T,T,C,T,Rep3
T,T,T,T,T,T,T,T,C,T,T,T,Rep3
C,C,C,T,T,T,C,C,C,T,C,T,Rep3
T,T,C,T,T,T,T,T,T,T,T,T,Rep3
C,C,C,C,C,C,T,C,C,C,T,T,Rep3
T,T,T,T,C,T,T,T,T,T,T,T,Rep3
T,C,C,T,T,T,T,T,T,T,T,T,Rep3
T,T,T,T,T,T,T,T,T,C,T,T,Rep3
T,T,T,T,T,C,T,T,T,C,C,T,Rep3
C,C,C,T,T,T,T,T,T,T,T,C,Rep3
C,C,C,C,C,C,C,C,C,T,T,T,Rep3
C,C,C,T,C,C,C,T,T,T,T,T,Rep3
T,C,T,T,T,T,T,T,T,T,T,T,Rep3
T,T,T,T,T,T,C,T,T,T,T,T,Rep3
T,T,T,C,T,T,T,T,T,T,T,T,Rep3
C,T,T,T,T,T,T,T,T,T,T,T,Rep3
T,T,T,C,T,T,T,T,T,T,T,T,Rep3
T,T,T,T,T,T,T,T,C,T,T,T,Rep3
T,T,T,C,T,T,C,T,T,T,T,C,Rep3
T,T,T,T,T,T,T,T,T,T,C,T,Rep3
T,T,T,T,C,T,T,T,T,T,T,T,Rep3
T,T,T,T,C,T,T,T,T,T,T,T,Rep3
T,C,C,C,C,C,C,C,C,C,C,T,Rep3
T,T,C,T,T,T,T,T,T,T,C,T,Rep3
T,C,T,T,T,T,T,T,C,T,T,T,Rep3
T,T,T,T,T,T,T,C,C,T,T,T,Rep3
T,T,T,T,C,T,T,C,T,T,C,C,Rep3
C,T,T,T,T,T,T,T,T,T,T,T,Rep3
T,T,T,T,T,T,C,T,T,T,T,T,Rep3
C,T,T,T,T,T,T,T,T,T,T,T,Rep3
T,T,C,T,T,C,T,T,T,T,T,T,Rep3
T,T,T,T,T,T,T,T,T,C,T,T,Rep3
C,T,T,T,T,T,T,T,T,T,T,T,Rep3
T,T,T,T,C,T,T,T,T,T,T,T,Rep3
T,C,T,T,T,T,T,T,T,T,T,T,Rep3
C,T,C,T,C,C,C,C,T,T,T,T,Rep3
T,T,C,T,C,T,T,T,T,T,T,T,Rep3
C,C,C,C,C,C,C,C,C,T,C,T,Rep3
T,T,T,T,T,T,T,T,T,T,C,T,Rep3
T,T,T,C,T,T,T,T,T,T,T,T,Rep3
C,T,T,T,T,C,T,T,T,T,C,T,Rep3
T,C,T,T,C,T,T,C,C,C,T,C,Rep3
T,T,T,T,T,T,T,T,C,T,T,T,Rep3
T,T,T,T,T,C,C,C,T,T,T,T,Rep3
C,C,C,T,T,C,T,T,T,T,T,T,Rep3
T,C,T,T,T,T,T,T,T,T,T,T,Rep3
C,C,C,T,T,C,T,T,T,T,T,T,Rep3
C,T,C,C,C,C,C,T,T,T,C,T,Rep3
T,T,T,T,T,T,T,T,T,C,T,T,Rep3
T,T,T,C,T,T,T,T,T,C,T,T,Rep3
T,T,T,T,T,T,T,T,T,T,C,C,Rep3
T,T,T,C,T,T,T,T,T,T,T,T,Rep3
C,C,C,C,C,C,C,C,T,C,C,T,Rep3
C,C,C,C,C,C,C,C,C,T,C,T,Rep3
T,C,T,T,T,T,T,T,T,T,T,T,Rep3
T,T,T,T,T,T,T,C,T,T,T,T,Rep3
C,C,T,T,T,T,T,T,T,T,T,T,Rep3
T,T,T,T,C,T,T,T,T,T,T,T,Rep3
C,C,C,T,T,C,T,T,C,T,T,T,Rep3
T,C,T,C,T,T,T,T,T,T,T,C,Rep3
T,T,C,C,C,T,C,T,T,C,T,T,Rep3
T,T,T,T,T,T,T,C,T,T,T,T,Rep3
T,T,T,T,T,T,T,T,T,C,C,T,Rep3
C,C,C,T,T,C,T,C,C,C,C,T,Rep3
T,C,T,C,C,T,T,C,T,C,C,C,Rep3
T,T,T,T,T,T,C,C,C,C,T,T,Rep3
T,T,T,T,T,C,T,T,T,T,T,T,Rep3
T,T,T,T,C,T,T,T,T,T,T,T,Rep3
C,C,C,C,C,C,C,C,C,C,C,C,Rep3
T,T,T,T,T,T,C,T,T,T,T,T,Rep3
T,T,T,T,T,C,T,T,T,T,T,T,Rep3
T,C,C,C,C,C,T,C,C,C,C,T,Rep3
T,T,T,T,T,T,T,T,C,T,T,T,Rep3
T,T,T,C,C,C,T,C,T,C,C,C,Rep3
C,C,C,T,C,C,T,T,C,T,T,T,Rep3
C,C,C,C,C,C,C,T,T,T,T,T,Rep3
T,T,T,T,T,T,T,C,T,T,T,T,Rep3
C,C,C,C,C,C,T,C,T,T,C,C,Rep3
C,C,C,T,T,T,T,T,C,T,T,T,Rep3
C,T,T,T,T,T,T,T,T,T,T,T,Rep3
T,T,T,T,T,T,T,T,T,T,C,T,Rep3
C,T,T,T,T,T,T,T,T,T,T,T,Rep3
T,T,T,T,T,T,T,T,T,C,T,T,Rep3
T,T,C,T,T,T,T,T,T,T,T,T,Rep3
T,T,T,T,T,T,C,T,T,T,T,T,Rep3
T,C,C,T,T,T,T,T,T,T,T,T,Rep3
T,T,C,T,T,T,T,T,T,T,T,T,Rep3
T,C,T,T,C,T,C,C,T,C,C,C,Rep3
T,T,T,T,T,C,T,T,T,T,T,T,Rep3
T,T,T,T,C,T,C,C,T,T,T,T,Rep3
C,C,C,C,C,C,C,C,C,C,C,C,Rep3
T,C,C,C,C,T,T,C,T,C,T,C,Rep3
T,C,T,T,T,C,T,T,T,T,T,T,Rep3
T,T,C,C,C,T,T,C,C,C,T,C,Rep3
T,T,T,T,C,T,T,T,T,T,T,T,Rep3
T,C,C,T,T,T,T,C,T,T,T,T,Rep3
C,T,T,T,T,T,T,T,T,T,T,T,Rep3
C,C,T,C,C,T,C,C,C,C,T,T,Rep3
T,T,C,T,T,T,T,T,T,T,T,T,Rep3
C,C,C,T,T,C,T,T,T,T,T,C,Rep3
T,T,T,T,T,T,T,T,C,T,T,T,Rep3
T,C,C,T,T,T,T,T,T,T,T,T,Rep3
T,T,T,T,T,T,T,C,T,T,T,T,Rep3
T,T,T,T,T,T,T,C,T,T,T,T,Rep3
C,T,C,T,C,T,T,C,C,T,C,C,Rep3
C,T,T,T,T,T,T,T,T,T,T,T,Rep3
C,T,T,C,T,T,T,T,T,T,T,T,Rep3
T,C,T,T,T,T,T,T,T,T,T,T,Rep3
T,C,T,T,T,T,T,T,T,T,T,T,Rep3
T,T,T,T,C,T,C,T,T,T,T,T,Rep3
T,T,T,T,T,T,T,T,T,C,T,T,Rep3
C,C,C,C,C,C,C,C,T,C,C,C,Rep3
T,T,T,T,T,T,T,T,T,T,T,C,Rep3
T,T,T,T,T,T,T,T,T,T,T,C,Rep3
C,C,T,T,T,T,T,T,T,T,T,T,Rep3
T,T,T,T,T,T,T,T,T,T,T,C,Rep3
T,T,C,T,T,C,C,T,T,T,T,T,Rep3
C,C,T,T,T,C,T,T,T,T,T,T,Rep3
C,C,T,T,T,T,T,T,T,C,T,T,Rep3
T,T,C,T,T,T,T,T,T,T,T,T,Rep3
T,C,C,C,C,T,T,T,C,T,T,T,Rep3
T,T,T,T,C,T,T,T,T,T,T,T,Rep3
C,T,T,T,T,T,T,T,T,T,T,T,Rep3
C,T,T,T,T,T,T,C,T,T,T,T,Rep3
T,T,T,C,T,T,T,T,T,T,T,T,Rep3
C,T,T,T,T,T,T,T,T,T,T,T,Rep3
C,T,C,T,T,T,T,C,C,T,T,T,Rep3
T,C,T,C,T,C,T,T,C,T,T,T,Rep3
C,C,C,C,C,C,C,C,C,C,C,C,Rep3
T,T,T,C,C,T,T,C,T,T,T,T,Rep3
T,C,T,T,T,C,T,C,T,T,T,T,Rep3
C,T,T,T,T,T,C,C,T,T,T,T,Rep3
T,T,C,T,T,T,T,T,T,T,T,T,Rep3
T,T,C,T,T,T,T,T,T,T,T,T,Rep3
C,C,T,T,T,T,T,T,T,T,T,T,Rep3
T,C,T,T,T,T,T,T,T,T,T,T,Rep3
T,T,T,T,T,T,T,T,T,C,C,T,Rep3
T,T,C,T,T,T,T,T,T,T,T,T,Rep3
C,T,T,T,C,T,T,C,C,T,T,T,Rep3
T,T,T,T,T,T,T,T,T,T,T,C,Rep3
T,T,T,T,T,T,T,T,T,T,C,T,Rep3
T,T,T,T,T,T,T,T,T,T,T,C,Rep3
T,T,T,T,C,T,C,T,T,T,T,T,Rep3
T,C,C,T,T,T,C,T,T,T,T,T,Rep3
C,C,C,T,C,C,C,C,C,C,C,T,Rep3
C,C,T,T,T,C,T,T,T,T,T,T,Rep3
T,T,T,T,T,T,C,T,T,T,T,C,Rep3
T,T,C,T,T,C,T,T,T,T,T,T,Rep3
T,T,T,T,T,C,T,T,T,T,T,T,Rep3
C,T,T,T,T,C,T,T,T,T,T,T,Rep3
C,T,T,T,T,T,T,C,T,T,T,T,Rep3
C,C,C,C,C,C,T,T,T,C,C,C,Rep3
C,T,T,T,T,T,T,T,T,C,T,C,Rep3
T,T,T,T,T,T,T,T,T,T,T,C,Rep3
T,T,T,T,T,T,C,T,T,T,T,T,Rep3
T,T,T,T,T,T,T,T,C,T,T,T,Rep3
T,T,T,T,T,T,T,T,T,T,T,C,Rep3
C,C,C,C,C,C,C,C,C,C,C,T,Rep3
T,C,T,T,T,T,T,T,T,T,T,C,Rep3
T,T,T,T,T,C,T,T,T,C,C,T,Rep3
T,C,T,T,T,T,T,T,C,T,T,T,Rep3
T,T,T,T,C,C,T,T,T,T,T,T,Rep3
C,C,C,C,C,C,C,T,T,C,C,C,Rep3
T,C,T,T,C,T,C,C,T,C,C,C,Rep3
T,T,T,T,T,T,T,T,T,T,T,C,Rep3
C,C,C,C,T,C,C,C,C,T,T,T,Rep3
C,T,T,T,C,T,T,T,T,C,T,T,Rep3
C,C,T,C,C,T,T,T,T,C,C,C,Rep3
T,T,T,T,T,T,C,T,T,T,T,T,Rep3
C,C,C,T,T,C,T,C,T,T,T,T,Rep3
T,T,T,T,T,T,C,T,T,T,T,T,Rep3
C,C,C,C,C,C,C,C,T,T,C,C,Rep3
C,C,T,T,T,T,T,T,T,T,T,T,Rep3
C,C,C,T,C,C,C,C,T,T,T,T,Rep3
C,C,C,T,C,C,T,T,T,C,C,C,Rep3
C,T,C,T,T,T,T,T,T,T,T,T,Rep3
T,T,T,C,T,T,T,T,T,T,T,T,Rep3
T,T,C,T,T,T,T,T,T,T,T,T,Rep3
C,C,C,T,T,C,C,T,T,T,T,T,Rep3
C,T,C,T,T,C,T,T,T,C,T,T,Rep3
T,C,C,T,T,T,T,T,T,T,T,T,Rep3
T,C,C,C,T,T,T,T,T,T,T,T,Rep3
C,T,T,T,T,T,T,T,T,T,T,T,Rep3
T,C,T,T,T,T,T,T,T,C,T,T,Rep3
T,T,T,T,T,T,C,T,T,T,T,T,Rep3
C,T,T,T,T,T,T,T,C,T,T,T,Rep3
T,T,C,T,T,T,T,T,T,T,T,T,Rep3
T,T,C,T,T,T,T,T,T,T,T,T,Rep3
T,T,C,T,T,T,T,T,T,T,T,T,Rep3
T,T,T,T,T,T,T,C,T,T,T,T,Rep3
T,C,T,T,C,T,C,C,T,C,C,C,Rep3
T,T,T,T,T,T,T,C,T,T,T,T,Rep3
T,C,C,T,C,C,C,T,T,C,T,C,Rep3
T,T,C,C,C,T,T,T,T,T,T,T,Rep3
T,T,T,C,C,T,T,T,T,T,C,C,Rep3
T,T,T,C,T,T,T,T,T,T,T,T,Rep3
T,T,T,T,T,T,T,T,T,T,T,C,Rep3
C,C,T,C,T,C,C,T,T,T,T,T,Rep3
T,T,T,T,C,T,T,T,T,T,T,T,Rep3
C,C,T,T,T,T,T,T,T,T,T,T,Rep3
T,T,C,T,T,T,T,T,T,T,T,T,Rep3
T,C,T,T,C,T,C,T,T,T,T,T,Rep3
T,T,T,T,T,C,C,C,T,C,C,T,Rep3
T,T,T,T,T,T,T,T,T,C,T,T,Rep3
T,C,T,T,T,T,T,T,T,T,T,T,Rep3
C,C,C,T,C,C,C,C,T,C,C,T,Rep3
T,C,T,T,T,T,C,T,C,T,T,T,Rep3
T,T,T,T,T,T,T,T,T,T,C,T,Rep3
T,C,C,T,T,C,T,T,T,T,T,T,Rep3
T,T,T,T,T,C,T,T,T,T,T,T,Rep3
C,C,T,T,T,T,T,T,T,T,T,T,Rep3
T,T,T,T,T,T,T,T,T,C,T,T,Rep3
C,T,T,T,T,T,T,C,T,T,T,T,Rep3
C,C,C,C,C,C,T,T,T,T,T,T,Rep3
T,T,C,C,T,C,T,T,T,C,C,T,Rep3
C,C,C,C,C,C,C,C,C,T,C,C,Rep3
C,C,C,C,C,C,C,C,C,C,C,T,Rep3
T,T,T,T,T,T,T,T,T,C,T,T,Rep3
C,T,T,T,T,T,T,T,T,T,T,C,Rep3
T,C,T,T,T,T,T,T,T,T,T,T,Rep3
T,T,T,T,T,T,C,T,T,T,T,T,Rep3
C,T,T,T,T,T,T,T,T,T,C,T,Rep3
C,C,T,C,C,C,T,C,C,C,C,C,Rep3
T,T,T,C,T,T,T,C,T,T,T,T,Rep3
C,C,C,C,C,C,C,C,C,C,C,C,Rep3
T,C,T,T,C,T,C,C,T,C,C,C,Rep3
C,C,C,C,C,C,C,T,T,C,C,C,Rep3
T,T,T,T,T,T,T,T,C,T,T,T,Rep3
T,C,T,T,T,T,T,T,T,T,T,T,Rep3
T,T,C,T,T,T,T,T,T,T,T,T,Rep3
C,T,T,T,T,T,T,T,T,T,T,T,Rep3
C,C,T,T,T,C,C,C,C,C,T,T,Rep3
C,C,C,T,T,T,T,C,C,C,T,C,Rep3
T,T,T,T,T,T,T,T,T,T,C,T,Rep3
C,T,T,T,T,C,C,T,T,T,T,T,Rep3
T,T,C,T,T,T,T,T,T,T,T,T,Rep3
T,C,T,C,T,T,T,T,T,T,T,T,Rep3
T,C,T,T,T,T,T,T,T,T,T,T,Rep3
T,T,T,T,T,T,T,T,C,T,T,T,Rep3
C,C,T,T,T,T,T,T,T,T,C,T,Rep3
C,T,T,T,T,T,T,T,T,T,T,T,Rep3
C,T,C,T,T,T,T,T,T,T,T,T,Rep3
T,T,C,C,T,T,T,T,T,T,C,T,Rep3
T,T,T,C,T,T,T,T,T,T,T,T,Rep3
C,T,T,T,T,T,T,C,T,T,T,T,Rep3
C,T,T,T,T,T,T,C,T,T,T,T,Rep3
C,T,T,T,T,T,C,T,T,T,T,T,Rep3
T,T,T,T,C,T,T,T,T,T,T,T,Rep3
T,C,C,T,T,T,T,T,C,T,T,T,Rep3
T,T,T,T,T,T,C,T,C,T,T,C,Rep3
T,T,T,T,C,T,T,T,T,T,T,T,Rep3
T,T,C,T,T,T,T,T,T,T,T,T,Rep3
T,T,T,T,C,T,T,T,T,T,T,T,Rep3
T,T,T,T,C,C,T,T,T,C,T,T,Rep3
C,C,C,C,C,T,T,T,T,T,T,T,Rep3
T,T,T,C,T,T,T,T,T,T,T,T,Rep3
C,T,T,T,T,T,T,T,T,T,T,C,Rep3
T,C,T,T,T,T,T,T,T,C,T,T,Rep3
C,C,T,T,T,T,T,T,T,T,T,T,Rep3
T,T,T,T,T,T,T,T,C,T,T,T,Rep3
C,C,T,T,T,T,T,T,C,T,T,T,Rep3
T,T,T,T,T,C,T,C,T,T,T,T,Rep3
T,C,C,C,T,T,T,T,T,T,T,T,Rep3
C,C,C,T,C,T,C,C,C,T,T,T,Rep3
C,T,T,C,C,C,T,T,T,T,T,T,Rep3
T,T,T,T,T,T,T,T,T,C,T,T,Rep3
T,T,T,T,T,T,T,T,T,C,T,T,Rep3
T,T,T,T,T,T,T,C,T,T,T,T,Rep3
C,C,C,C,C,C,T,T,T,T,T,T,Rep3
T,T,C,C,C,T,T,C,T,T,C,T,Rep3
T,T,T,C,T,T,T,T,T,T,T,C,Rep3
T,T,T,T,C,T,T,T,T,T,T,T,Rep3
T,T,T,T,T,T,C,T,T,T,T,T,Rep3
C,C,T,T,T,T,T,T,T,T,C,T,Rep3
C,T,T,T,T,T,T,T,T,T,T,T,Rep3
T,T,T,T,T,T,T,C,C,T,T,T,Rep3
T,C,C,C,C,C,C,T,C,T,T,T,Rep3
C,T,C,C,C,C,T,T,T,C,T,T,Rep3
C,T,T,T,T,C,T,T,C,T,T,T,Rep3
T,C,T,T,C,T,T,T,T,T,T,T,Rep3
T,T,T,T,T,T,T,T,T,T,C,T,Rep3
C,T,T,T,T,T,T,T,T,T,T,T,Rep3
T,C,T,T,T,T,T,T,T,T,T,T,Rep3
T,T,T,C,C,T,T,T,T,T,T,T,Rep3
C,T,T,C,C,T,T,C,T,C,T,T,Rep3
C,C,C,C,C,C,C,C,C,T,C,T,Rep3
T,T,T,T,T,T,T,T,T,T,C,C,Rep3
T,C,T,C,T,T,T,T,T,T,T,T,Rep3
T,C,T,T,T,T,T,T,T,T,T,T,Rep3
T,T,T,T,T,T,C,T,T,T,T,T,Rep3
C,T,T,T,T,C,T,T,T,T,T,T,Rep3
T,C,T,T,T,T,T,T,T,T,T,T,Rep3
T,T,C,T,T,T,T,T,T,T,C,T,Rep3
C,C,C,C,C,C,C,C,C,C,C,T,Rep3
C,C,C,C,C,C,C,T,T,T,T,T,Rep3
T,T,C,T,T,T,T,T,C,T,C,C,Rep3
C,C,T,C,T,C,T,T,T,T,T,T,Rep3
T,T,T,T,T,T,T,T,C,T,T,T,Rep3
C,C,C,C,C,C,C,C,C,T,C,T,Rep3
T,T,T,C,T,T,T,T,T,T,T,T,Rep3
C,T,T,T,T,T,T,T,T,T,T,T,Rep3
T,T,T,T,C,T,T,T,T,T,T,T,Rep3
C,C,T,C,T,T,T,T,T,T,T,C,Rep3
T,T,C,T,T,T,T,T,T,T,T,T,Rep3
T,T,T,T,C,T,T,T,T,T,T,T,Rep3
C,T,T,T,T,T,T,T,T,T,T,C,Rep3
T,T,T,T,C,T,T,T,T,C,T,T,Rep3
T,C,C,C,C,C,C,C,C,C,C,T,Rep3
T,T,T,T,C,T,T,C,C,C,C,C,Rep3
T,T,T,T,T,T,T,T,C,C,T,C,Rep3
T,T,T,T,T,T,C,C,T,T,T,T,Rep3
T,T,C,C,T,C,C,T,T,C,T,T,Rep3
T,T,T,C,C,C,C,T,T,C,C,T,Rep3
T,T,T,T,C,T,T,T,T,C,T,T,Rep3
T,T,C,T,T,T,T,T,T,T,T,T,Rep3
T,T,T,T,T,T,T,T,T,C,T,T,Rep3
C,T,C,C,T,T,T,T,T,T,T,T,Rep3
T,T,T,T,T,T,T,T,T,T,T,C,Control
T,C,T,T,T,T,T,C,T,T,T,T,Control
T,T,C,T,T,T,T,T,T,T,T,T,Control
T,T,C,T,T,T,T,T,T,T,T,T,Control
T,T,T,T,T,T,T,C,T,T,T,T,Control
T,T,T,C,T,T,T,T,T,T,T,T,Control
T,T,T,T,C,T,T,T,T,T,T,T,Control
T,T,T,T,T,T,T,T,C,T,T,T,Control
T,C,T,T,T,T,T,T,T,T,T,T,Control
T,C,T,T,T,T,T,T,T,T,T,T,Control
T,T,T,T,T,T,T,T,T,C,T,T,Control
T,T,C,T,T,T,T,T,T,T,T,T,Control
T,T,T,C,T,T,T,T,T,T,T,T,Control
T,T,T,T,T,T,T,C,T,T,C,T,Control
C,T,T,T,T,T,T,T,T,T,T,T,Control
T,T,T,T,T,T,T,T,T,C,T,T,Control
T,T,T,T,T,T,T,T,T,C,T,T,Control
T,T,T,T,T,T,T,C,T,T,T,T,Control
T,T,T,T,T,T,T,T,C,T,T,T,Control
T,T,T,T,T,T,T,T,T,C,T,T,Control
T,T,T,T,T,C,T,T,T,T,T,T,Control
T,T,T,T,T,T,T,T,C,T,T,T,Control
T,T,T,T,T,T,T,T,T,T,T,C,Control
T,T,T,T,T,T,T,T,C,T,T,T,Control
T,T,T,T,C,T,T,T,T,T,T,T,Control
T,T,T,T,T,C,T,T,T,T,T,T,Control
T,T,T,T,T,T,T,T,C,T,T,T,Control
C,T,T,T,T,T,T,T,C,T,T,T,Control
T,T,T,C,T,T,T,T,T,T,T,T,Control
T,T,T,T,T,T,T,T,C,T,T,T,Control
T,T,T,T,T,T,T,C,T,T,T,T,Control
T,T,T,T,T,T,T,T,T,C,T,T,Control
T,T,T,T,T,T,T,T,T,T,C,T,Control
T,T,T,T,T,T,T,T,T,C,T,T,Control
T,C,T,T,T,T,T,T,T,T,T,T,Control
T,T,T,C,T,T,T,T,T,T,T,T,Control
T,T,C,C,T,C,T,T,T,T,T,T,Control
T,T,T,T,T,T,T,T,T,C,T,T,Control
T,T,T,T,T,T,C,T,T,T,T,T,Control
T,T,T,T,C,T,T,T,T,T,T,T,Control
T,T,C,T,T,T,T,T,T,T,T,T,Control
T,T,T,T,T,T,T,T,C,T,T,T,Control
C,T,T,T,T,T,T,T,T,T,T,T,Control
T,T,T,T,T,C,T,T,T,T,T,T,Control
T,T,T,T,T,T,T,T,T,T,C,T,Control
T,T,T,T,T,T,T,T,T,T,T,C,Control
T,T,T,T,T,T,C,T,T,T,T,T,Control
T,T,T,T,C,T,T,T,T,T,T,T,Control
T,T,C,T,T,T,T,T,T,T,T,T,Control
T,T,T,T,T,C,T,T,T,T,T,T,Control
T,T,C,T,T,T,T,T,T,T,T,T,Control
T,T,T,T,T,T,T,T,T,C,T,T,Control
T,T,C,T,T,T,C,T,T,T,T,T,Control
T,T,T,T,T,T,T,C,T,T,T,T,Control
T,T,T,C,T,T,T,T,C,T,T,T,Control
T,T,T,T,T,C,T,T,T,T,T,T,Control
T,T,T,T,T,T,C,T,T,T,T,T,Control
T,T,T,T,T,T,T,T,C,T,T,T,Control
